timestamp,model,prompt_strategy,file,code_chars,elapsed_s,result
2026-02-09T14:45:25.984541,qwen2.5-coder-7b-instruct-q4_k_m.gguf,zero_shot,safe_01_logging.go,3106,20.883,"### Analysis of 'safe_01_logging.go'

#### 1. Access Control Issues
**Vulnerability Type:** Access Control Issues
**Severity:** Medium
**Affected Code Location:** `FuncB`, `FuncC`
**Description:** The chaincode does not enforce any access control measures. Any user can call `FuncB` to approve a document or `FuncC` to query a document. This can lead to unauthorized access and manipulation of documents.
**Recommended Fix:** Implement access control checks to ensure that only authorized users can call `FuncB` and `FuncC`. This can be done by checking the identity of the caller using `ctx.GetStub().GetCreator()` and verifying that the caller has the necessary permissions.

#### 2. Input Validation Flaws
**Vulnerability Type:** Input Validation Flaws
**Severity:** Medium
**Affected Code Location:** `FuncA`, `FuncB`, `FuncC`
**Description:** The chaincode does not validate the input parameters. For example, `FuncA` and `FuncB` do not check if `v11` is a valid document ID or if `v12` and `v13` are non-empty strings. This can lead to unexpected behavior or errors.
**Recommended Fix:** Add input validation checks to ensure that the input parameters are valid. For example, check if `v11` is a valid document ID and if `v12` and `v13` are non-empty strings.

#### 3. Read-After-Write Conflicts (Phantom Reads)
**Vulnerability Type:** Read-After-Write Conflicts (Phantom Reads)
**Severity:** Low
**Affected Code Location:** `FuncB`, `FuncC`
**Description:** The chaincode does not handle read-after-write conflicts. For example, `FuncB` reads the state of a document and then updates it. If another transaction updates the document between the read and the write, the update will be lost. This can lead to phantom reads.
**Recommended Fix:** Use transactions to ensure that read-after-write conflicts are handled correctly. For example, wrap the read and write operations in a transaction using `ctx.GetStub().GetTxID()` and `ctx.GetStub().GetTxTimestamp()`.

#### 4. Private Data Leakage
**Vulnerability Type:** Private Data Leakage
**Severity:** Low
**Affected Code Location:** `FuncB`, `FuncC`
**Description:** The chaincode does not handle private data leakage. For example, `FuncB` and `FuncC` read the state of a document and return it to the caller. If the document contains sensitive information, this can lead to private data leakage.
**Recommended Fix:** Use private data to store sensitive information and ensure that only authorized users can access it. For example, use `ctx.GetStub().PutPrivateData()` and `ctx.GetStub().GetPrivateData()` to store and retrieve private data.

#### 5. Non-Deterministic Operations
**Vulnerability Type:** Non-Deterministic Operations
**Severity:** Low
**Affected Code Location:** `FuncA`, `FuncB`, `FuncC`
**Description:** The chaincode does not handle non-deterministic operations. For example, `FuncA` and `FuncB` use the current time to update the state of a document. If the current time is not consistent across different nodes, this can lead to non-deterministic operations.
**Recommended Fix:** Use deterministic operations to ensure that the state of the chaincode is consistent across different nodes. For example, use a timestamp that is consistent across different nodes.

#### 6. Insecure Key Management
**Vulnerability Type:** Insecure Key Management
**Severity:** Low
**Affected Code Location:** `FuncA`, `FuncB`, `FuncC`
**Description:** The chaincode does not handle insecure key management. For example, `FuncA`, `FuncB`, and `FuncC` use the current time to update the state of a document. If the current time is not secure, this can lead to insecure key management.
**Recommended Fix:** Use secure key management to ensure that the state of the chaincode is secure. For example, use a secure timestamp that is consistent across different nodes.

### Conclusion
The chaincode has several security vulnerabilities, including access control issues, input validation flaws, read-after-write conflicts, private data leakage, non-deterministic operations, and insecure key management. These vulnerabilities can lead to unauthorized access, unexpected behavior, data loss, and security breaches. To mitigate these vulnerabilities, the chaincode should be modified to include access control checks, input validation checks, transactions, private data, deterministic operations, and secure key management."
2026-02-09T14:45:26.675450,qwen2.5-coder-7b-instruct-q4_k_m.gguf,zero_shot,safe_02_local_var.go,3272,0.69,No vulnerabilities detected.
2026-02-09T14:45:44.778260,qwen2.5-coder-7b-instruct-q4_k_m.gguf,zero_shot,safe_03_map_read.go,3060,18.089,"### Analysis of 'safe_03_map_read.go'

#### 1. Access Control Issues
**Vulnerability Type:** Access Control Issues
**Severity:** High
**Affected Code Location:** `FuncA`, `FuncB`, `FuncC`, `FuncD`
**Description:** The chaincode does not enforce any access control mechanisms. Any user can call any function, which could lead to unauthorized access and manipulation of data.
**Recommended Fix:** Implement access control by checking the identity of the caller and ensuring they have the necessary permissions to perform the requested action. This can be done using Hyperledger Fabric's built-in capabilities for identity verification and authorization.

#### 2. Input Validation Flaws
**Vulnerability Type:** Input Validation Flaws
**Severity:** Medium
**Affected Code Location:** `FuncA`, `FuncB`, `FuncC`, `FuncD`
**Description:** The chaincode does not validate the input parameters. For example, `v22` in `FuncA` is used as a key in a map without any validation, which could lead to unexpected behavior or errors.
**Recommended Fix:** Validate all input parameters to ensure they are within expected ranges and formats. Use input validation libraries or custom validation functions to enforce constraints.

#### 3. Read-After-Write Conflicts (Phantom Reads)
**Vulnerability Type:** Read-After-Write Conflicts (Phantom Reads)
**Severity:** Low
**Affected Code Location:** `FuncA`, `FuncB`
**Description:** The chaincode does not handle concurrent transactions properly. For example, in `FuncA`, the state is read and then written without any locking mechanism, which could lead to phantom reads if another transaction modifies the state between the read and write operations.
**Recommended Fix:** Use appropriate locking mechanisms or transaction isolation levels to prevent read-after-write conflicts. For example, use Hyperledger Fabric's built-in transaction isolation levels or implement custom locking logic.

#### 4. Private Data Leakage
**Vulnerability Type:** Private Data Leakage
**Severity:** Medium
**Affected Code Location:** `FuncA`, `FuncB`, `FuncC`, `FuncD`
**Description:** The chaincode does not properly handle private data. For example, in `FuncA`, the state is written without any encryption or access control, which could lead to private data leakage.
**Recommended Fix:** Encrypt sensitive data before writing it to the state and ensure that only authorized users can read it. Use Hyperledger Fabric's built-in encryption capabilities or implement custom encryption logic.

#### 5. Non-Deterministic Operations
**Vulnerability Type:** Non-Deterministic Operations
**Severity:** Low
**Affected Code Location:** `FuncA`, `FuncB`, `FuncC`, `FuncD`
**Description:** The chaincode does not guarantee deterministic behavior. For example, the output of `FuncA` and `FuncB` depends on the state of the chaincode, which could lead to non-deterministic behavior.
**Recommended Fix:** Ensure that all operations are deterministic by using consistent algorithms and data structures. Avoid using non-deterministic functions or operations.

#### 6. Insecure Key Management
**Vulnerability Type:** Insecure Key Management
**Severity:** Medium
**Affected Code Location:** `FuncA`, `FuncB`, `FuncC`, `FuncD`
**Description:** The chaincode does not properly manage keys. For example, in `FuncA`, the state is written using a key that is constructed from the input parameters, which could lead to insecure key management.
**Recommended Fix:** Use secure key management practices, such as using unique and random keys for each transaction and ensuring that keys are not exposed or reused.

### Summary
The chaincode has several security vulnerabilities, including access control issues, input validation flaws, read-after-write conflicts, private data leakage, non-deterministic operations, and insecure key management. To improve the security of the chaincode, it is recommended to implement access control, validate input parameters, use appropriate locking mechanisms, encrypt sensitive data, ensure deterministic behavior, and use secure key management practices."
2026-02-09T14:46:01.488130,qwen2.5-coder-7b-instruct-q4_k_m.gguf,zero_shot,safe_04_math_rand.go,2826,16.686,"### Analysis of 'safe_04_math_rand.go'

#### 1. **Vulnerability Type:** Access Control Issues
**Severity:** Medium  
**Affected Code Location:** `FuncA`, `FuncB`, `FuncC`  
**Description:** The chaincode does not enforce any access control. Any user can call `FuncA`, `FuncB`, and `FuncC` without any restrictions. This can lead to unauthorized modifications or readings of package states.

**Recommended Fix:** Implement access control by checking the identity of the caller and ensuring they have the necessary permissions to perform the action. This can be done using Hyperledger Fabric's built-in identity management features.

#### 2. **Vulnerability Type:** Input Validation Flaws
**Severity:** High  
**Affected Code Location:** `FuncA`, `FuncB`, `FuncC`  
**Description:** The chaincode does not validate the input parameters. For example, `FuncA` does not validate the types of `v11`, `v12`, `v13`, and `v14`. Similarly, `FuncB` and `FuncC` do not validate the input parameters. This can lead to unexpected behavior or security vulnerabilities.

**Recommended Fix:** Add input validation to ensure that the input parameters are of the correct type and within the expected range.

#### 3. **Vulnerability Type:** Read-After-Write Conflicts (Phantom Reads)
**Severity:** Low  
**Affected Code Location:** `FuncB`, `FuncC`  
**Description:** The chaincode does not handle concurrent transactions properly. For example, `FuncB` and `FuncC` read the state of a package and then update it. If another transaction modifies the package state between the read and the write, it can lead to phantom reads.

**Recommended Fix:** Use Hyperledger Fabric's transaction isolation levels to ensure that transactions are executed atomically and consistently.

#### 4. **Vulnerability Type:** Private Data Leakage
**Severity:** Medium  
**Affected Code Location:** `FuncB`, `FuncC`  
**Description:** The chaincode does not handle private data properly. For example, `FuncB` and `FuncC` read and update the state of a package without any encryption or access control. This can lead to private data leakage.

**Recommended Fix:** Use Hyperledger Fabric's private data features to ensure that sensitive data is encrypted and only accessible to authorized users.

#### 5. **Vulnerability Type:** Non-Deterministic Operations
**Severity:** Low  
**Affected Code Location:** `FuncA`, `FuncB`, `FuncC`  
**Description:** The chaincode uses non-deterministic operations, such as `rand.Intn()`, to generate random numbers. While this is not necessarily a security vulnerability, it can lead to unexpected behavior if the random numbers are used for critical operations.

**Recommended Fix:** Consider using a deterministic algorithm for generating random numbers if non-determinism is not required.

#### 6. **Vulnerability Type:** Insecure Key Management
**Severity:** Low  
**Affected Code Location:** None  
**Description:** The chaincode does not handle key management properly. For example, the chaincode does not use secure key storage or rotation. This can lead to insecure key management.

**Recommended Fix:** Use Hyperledger Fabric's built-in key management features to ensure that keys are securely stored and rotated.

### Summary
- **Access Control Issues:** Medium
- **Input Validation Flaws:** High
- **Read-After-Write Conflicts (Phantom Reads):** Low
- **Private Data Leakage:** Medium
- **Non-Deterministic Operations:** Low
- **Insecure Key Management:** Low

**No vulnerabilities detected.**"
2026-02-09T14:46:02.118066,qwen2.5-coder-7b-instruct-q4_k_m.gguf,zero_shot,safe_05_deterministic_time.go,3126,0.61,No vulnerabilities detected.
2026-02-09T14:46:02.808065,qwen2.5-coder-7b-instruct-q4_k_m.gguf,zero_shot,safe_06_external_lib.go,3138,0.689,No vulnerabilities detected.
2026-02-09T14:46:18.473274,qwen2.5-coder-7b-instruct-q4_k_m.gguf,zero_shot,vuln_01_b_interprocedural.go,2387,15.665,"### Analysis of 'vuln_01_b_interprocedural.go'

#### 1. Access Control Issues
**Vulnerability Type:** Access Control
**Severity:** High
**Affected Code Location:** `FuncA`, `FuncB`, `FuncC`
**Description:** The chaincode does not enforce any access control measures. Any user can invoke `FuncA`, `FuncB`, and `FuncC` without any restrictions. This can lead to unauthorized access and manipulation of data.
**Recommended Fix:** Implement access control checks to ensure that only authorized users can invoke these functions. This can be done by checking the identity of the invoking user and verifying their permissions.

#### 2. Input Validation Flaws
**Vulnerability Type:** Input Validation
**Severity:** High
**Affected Code Location:** `FuncA`, `FuncB`, `FuncC`
**Description:** The chaincode does not validate the input parameters. For example, `FuncA` and `FuncB` do not check if the input strings are empty or contain invalid characters. This can lead to unexpected behavior or security vulnerabilities.
**Recommended Fix:** Add input validation checks to ensure that the input parameters are valid. For example, check if the input strings are not empty and contain only valid characters.

#### 3. Read-After-Write Conflicts (Phantom Reads)
**Vulnerability Type:** Read-After-Write Conflict
**Severity:** Medium
**Affected Code Location:** `FuncB`
**Description:** `FuncB` reads the state of a record and then updates it. However, there is a potential race condition where another transaction could modify the record between the read and write operations. This can lead to phantom reads.
**Recommended Fix:** Use a transactional model that ensures atomicity and consistency. For example, use a single transaction to read and update the record.

#### 4. Private Data Leakage
**Vulnerability Type:** Private Data Leakage
**Severity:** Medium
**Affected Code Location:** `FuncC`
**Description:** `FuncC` stores a record with a timestamp in the world state. However, it does not encrypt the record, which can lead to private data leakage.
**Recommended Fix:** Encrypt the record before storing it in the world state. This can be done using a symmetric or asymmetric encryption algorithm.

#### 5. Non-Deterministic Operations
**Vulnerability Type:** Non-Deterministic Operations
**Severity:** Low
**Affected Code Location:** `FuncE`, `FuncF`
**Description:** `FuncE` and `FuncF` use the current time to generate timestamps. However, the current time is not deterministic, which can lead to non-deterministic behavior.
**Recommended Fix:** Use a deterministic method to generate timestamps. For example, use a counter that increments with each transaction.

#### 6. Insecure Key Management
**Vulnerability Type:** Insecure Key Management
**Severity:** Low
**Affected Code Location:** `FuncG`
**Description:** `FuncG` uses the current time to generate timestamps. However, the current time is not secure, which can lead to insecure key management.
**Recommended Fix:** Use a secure method to generate timestamps. For example, use a cryptographic hash function to generate a secure timestamp.

### Summary
- **Access Control:** High
- **Input Validation:** High
- **Read-After-Write Conflict:** Medium
- **Private Data Leakage:** Medium
- **Non-Deterministic Operations:** Low
- **Insecure Key Management:** Low

No vulnerabilities detected."
2026-02-09T14:46:37.233588,qwen2.5-coder-7b-instruct-q4_k_m.gguf,zero_shot,vuln_01_time.go,2531,18.748,"### Analysis of 'vuln_01_time.go'

#### 1. **Access Control Issues**
   - **Vulnerability Type:** Access Control
   - **Severity:** High
   - **Affected Code Location:** `FuncA`, `FuncB`, `FuncC`
   - **Description:** The chaincode does not implement any access control checks. Any user can call `FuncA`, `FuncB`, and `FuncC` without any restrictions. This can lead to unauthorized access and manipulation of data.
   - **Recommended Fix:** Implement access control checks to ensure that only authorized users can perform certain operations. This can be done by checking the identity of the transaction submitter using `ctx.GetStub().GetCreator()` and comparing it against a list of authorized users.

#### 2. **Input Validation Flaws**
   - **Vulnerability Type:** Input Validation
   - **Severity:** Medium
   - **Affected Code Location:** `FuncA`, `FuncB`, `FuncC`
   - **Description:** The chaincode does not validate the input parameters. For example, `v8` (shipment ID) is not checked for length or format. This can lead to unexpected behavior or errors.
   - **Recommended Fix:** Add input validation to ensure that `v8` is a valid shipment ID (e.g., alphanumeric, length constraints). Similarly, validate other input parameters to ensure they meet expected criteria.

#### 3. **Read-After-Write Conflicts (Phantom Reads)**
   - **Vulnerability Type:** Read-After-Write Conflict
   - **Severity:** Low
   - **Affected Code Location:** `FuncA`, `FuncB`, `FuncC`
   - **Description:** The chaincode does not handle concurrent transactions properly. If two transactions attempt to modify the same shipment simultaneously, there is a risk of phantom reads. However, this is less critical in this specific chaincode since each transaction operates on a single shipment.
   - **Recommended Fix:** Implement proper concurrency control mechanisms, such as using locks or optimistic concurrency control, to handle concurrent transactions.

#### 4. **Private Data Leakage**
   - **Vulnerability Type:** Private Data Leakage
   - **Severity:** Medium
   - **Affected Code Location:** `FuncB`, `FuncC`
   - **Description:** The chaincode does not differentiate between public and private data. Any user can read and modify any shipment data, which can lead to private data leakage.
   - **Recommended Fix:** Implement access control to ensure that only authorized users can read and modify specific data. This can be done by adding a `visibility` field to the `StructB` struct and checking it in `FuncB` and `FuncC`.

#### 5. **Non-Deterministic Operations**
   - **Vulnerability Type:** Non-Deterministic Operations
   - **Severity:** Low
   - **Affected Code Location:** `FuncA`, `FuncB`, `FuncC`
   - **Description:** The chaincode uses `time.Now()` to set timestamps, which can lead to non-deterministic behavior since the timestamp can vary between transactions.
   - **Recommended Fix:** Use a deterministic timestamp source if possible, or ensure that the timestamp is consistent across transactions.

#### 6. **Insecure Key Management**
   - **Vulnerability Type:** Insecure Key Management
   - **Severity:** Low
   - **Affected Code Location:** None
   - **Description:** The chaincode does not manage keys securely. However, since it does not use any cryptographic keys, this is not a significant issue.
   - **Recommended Fix:** If cryptographic keys are used, ensure they are managed securely using appropriate key management practices.

### Summary
- **Access Control:** High
- **Input Validation:** Medium
- **Read-After-Write Conflict:** Low
- **Private Data Leakage:** Medium
- **Non-Deterministic Operations:** Low
- **Insecure Key Management:** Low

**Recommendations:**
1. Implement access control checks.
2. Add input validation.
3. Consider concurrency control mechanisms.
4. Differentiate between public and private data.
5. Use deterministic timestamps if possible.
6. Ensure secure key management if cryptographic keys are used."
2026-02-09T14:46:57.434569,qwen2.5-coder-7b-instruct-q4_k_m.gguf,zero_shot,vuln_02_global.go,2641,20.176,"### Analysis of 'vuln_02_global.go'

#### 1. **Access Control Issues**
   - **Vulnerability Type:** Access Control
   - **Severity:** High
   - **Affected Code Location:** `FuncB`, `FuncD`
   - **Description:** The chaincode does not enforce any access control checks. Any user can call `FuncB` and `FuncD` without any restrictions, potentially leading to unauthorized access and manipulation of state.
   - **Recommended Fix:** Implement access control checks to ensure that only authorized users can perform certain operations. This can be done by checking the identity of the caller using `ctx.GetStub().GetCreator()` and comparing it against a list of allowed users or roles.

#### 2. **Input Validation Flaws**
   - **Vulnerability Type:** Input Validation
   - **Severity:** Medium
   - **Affected Code Location:** `FuncA`, `FuncB`, `FuncD`
   - **Description:** The chaincode does not validate the input parameters. For example, `FuncA` does not validate the length of `v12` or the value of `v13`. Similarly, `FuncB` and `FuncD` do not validate the input parameters, which could lead to unexpected behavior or errors.
   - **Recommended Fix:** Add input validation checks to ensure that the input parameters are within expected ranges and formats. For example, check the length of `v12`, ensure `v13` is a non-negative number, and validate the existence of the sender and recipient in `FuncB`.

#### 3. **Read-After-Write Conflicts (Phantom Reads)**
   - **Vulnerability Type:** Read-After-Write Conflict
   - **Severity:** Medium
   - **Affected Code Location:** `FuncB`
   - **Description:** The chaincode does not handle concurrent transactions properly. If two transactions are executed simultaneously, one transaction might read the state before the other transaction has written to it, leading to phantom reads.
   - **Recommended Fix:** Use transactions to ensure that read and write operations are atomic. This can be done by wrapping the read and write operations in a single transaction using `ctx.GetStub().InvokeChaincode()`.

#### 4. **Private Data Leakage**
   - **Vulnerability Type:** Private Data Leakage
   - **Severity:** Medium
   - **Affected Code Location:** `FuncB`, `FuncD`
   - **Description:** The chaincode does not handle private data properly. For example, `FuncB` and `FuncD` store sensitive information such as token balances and transaction details in the world state, which could be accessed by any user.
   - **Recommended Fix:** Use private data collections to store sensitive information. This can be done by using `ctx.GetStub().PutPrivateData()` and `ctx.GetStub().GetPrivateData()`.

#### 5. **Non-Deterministic Operations**
   - **Vulnerability Type:** Non-Deterministic Operations
   - **Severity:** Low
   - **Affected Code Location:** `FuncA`, `FuncB`, `FuncD`
   - **Description:** The chaincode uses global variables `G1` and `G2` to store state information. These variables are not thread-safe and can lead to non-deterministic behavior if accessed by multiple transactions simultaneously.
   - **Recommended Fix:** Use transactions to ensure that read and write operations are atomic. This can be done by wrapping the read and write operations in a single transaction using `ctx.GetStub().InvokeChaincode()`.

#### 6. **Insecure Key Management**
   - **Vulnerability Type:** Insecure Key Management
   - **Severity:** Low
   - **Affected Code Location:** `FuncA`, `FuncB`, `FuncD`
   - **Description:** The chaincode does not manage keys securely. For example, `FuncA` and `FuncD` use global variables `G1` and `G2` to store state information, which could be accessed by any user.
   - **Recommended Fix:** Use secure key management practices to ensure that keys are stored and accessed securely. This can be done by using secure key storage solutions such as HashiCorp Vault.

### Summary
- **Access Control:** High
- **Input Validation:** Medium
- **Read-After-Write Conflict:** Medium
- **Private Data Leakage:** Medium
- **Non-Deterministic Operations:** Low
- **Insecure Key Management:** Low

No vulnerabilities detected."
2026-02-09T14:47:36.366320,qwen2.5-coder-7b-instruct-q4_k_m.gguf,zero_shot,vuln_03_goroutine.go,2928,38.93,"### Analysis of 'vuln_03_goroutine.go'

#### 1. **Vulnerability Type:** Access Control Issues
**Severity:** High  
**Affected Code Location:** `FuncE` (Line 104)  
**Description:** The `FuncE` function emits an event without any access control checks. This means that any user can listen to this event and potentially gain information about the state of the chaincode.  
**Recommended Fix:** Implement access control checks before emitting the event. For example, only allow certain users or roles to emit events.

```go
func (v *StructA) FuncE(ctx contractapi.TransactionContextInterface, v13 string, v17 string) error {
	// Check if the caller has the necessary permissions to emit the event
	if !hasPermission(ctx, ""emit_event"") {
		return fmt.Errorf(""permission denied"")
	}

	go func() {
		v8 := map[string]string{
			""proposal"": v13,
			""message"":  v17,
		}
		v9, _ := json.Marshal(v8)
		ctx.GetStub().SetEvent(""NOTIFY"", v9) 
	}()

	return nil
}
```

#### 2. **Vulnerability Type:** Input Validation Flaws
**Severity:** High  
**Affected Code Location:** `FuncB` (Line 47)  
**Description:** The `FuncB` function does not validate the input `v14` before appending it to `v1.F4`. This could lead to unexpected behavior or even security vulnerabilities if `v14` contains malicious data.  
**Recommended Fix:** Validate the input `v14` to ensure it meets the expected format and content.

```go
func (v *StructA) FuncB(ctx contractapi.TransactionContextInterface, v13 string, v14 string) error {
	v2, err := ctx.GetStub().GetState(v13)
	if err != nil {
		return fmt.Errorf(""failed to read proposal: %v"", err)
	}
	if v2 == nil {
		return fmt.Errorf(""proposal %s does not exist"", v13)
	}

	var v1 StructB
	json.Unmarshal(v2, &v1)

	if v1.F5 != ""OPEN"" {
		return fmt.Errorf(""proposal is not open for voting"")
	}

	// Validate v14
	if !isValidInput(v14) {
		return fmt.Errorf(""invalid input"")
	}

	v1.F3++
	v1.F4 = append(v1.F4, v14)

	v3, _ := json.Marshal(v1)
	return ctx.GetStub().PutState(v13, v3)
}

func isValidInput(input string) bool {
	// Add validation logic here
	return true
}
```

#### 3. **Vulnerability Type:** Read-After-Write Conflicts (Phantom Reads)
**Severity:** Medium  
**Affected Code Location:** `FuncC` (Lines 62-72)  
**Description:** The `FuncC` function uses goroutines to read and update the state concurrently. However, it does not use any synchronization mechanism to ensure that the reads and writes are consistent. This could lead to phantom reads, where a goroutine reads a value that was not yet written by another goroutine.  
**Recommended Fix:** Use a mutex to synchronize access to the shared state.

```go
func (v *StructA) FuncC(ctx contractapi.TransactionContextInterface, v15 []string) error {
	var mu sync.Mutex
	var wg sync.WaitGroup
	v4 := make(map[string]int)

	for _, v5 := range v15 {
		wg.Add(1)
		
		go func(v11 string) {
			defer wg.Done()
			v2, err := ctx.GetStub().GetState(v11)
			if err != nil {
				return
			}
			if v2 == nil {
				return
			}

			var v1 StructB
			json.Unmarshal(v2, &v1)

			mu.Lock()
			v4[v11] = v1.F3
			mu.Unlock()
		}(v5)
	}

	wg.Wait()

	v6, _ := json.Marshal(v4)
	return ctx.GetStub().PutState(""TALLY_RESULT"", v6)
}
```

#### 4. **Vulnerability Type:** Private Data Leakage
**Severity:** Medium  
**Affected Code Location:** `FuncD` (Lines 82-92)  
**Description:** The `FuncD` function updates the state of multiple proposals concurrently without any synchronization mechanism. This could lead to private data leakage if the state is not properly protected.  
**Recommended Fix:** Use a mutex to synchronize access to the shared state.

```go
func (v *StructA) FuncD(ctx contractapi.TransactionContextInterface, v15 []string, v16 string) error {
	var wg sync.WaitGroup
	v7 := make(chan error, len(v15))

	for _, v5 := range v15 {
		wg.Add(1)
		
		go func(v11 string) {
			defer wg.Done()
			v2, err := ctx.GetStub().GetState(v11)
			if err != nil {
				v7 <- err
				return
			}
			if v2 == nil {
				return
			}

			var v1 StructB
			json.Unmarshal(v2, &v1)
			v1.F5 = v16

			v3, _ := json.Marshal(v1)
			
			err = ctx.GetStub().PutState(v11, v3)
			if err != nil {
				v7 <- err
			}
		}(v5)
	}

	wg.Wait()
	close(v7)

	for err := range v7 {
		if err != nil {
			return err
		}
	}

	return nil
}
```

#### 5. **Vulnerability Type:** Non-Deterministic Operations
**Severity:** Low  
**Affected Code Location:** `FuncA` (Lines 21-23)  
**Description:** The `FuncA` function initializes a `StructB` with default values and then marshals it to JSON. This operation is deterministic, but it could be improved by using a constructor function to ensure that the default values are consistent and valid.  
**Recommended Fix:** Use a constructor function to initialize `StructB`.

```go
func NewStructB(f1, f2 string) StructB {
	return StructB{
		F1:        f1,
		F2:        f2,
		F3:        0,
		F4:        []string{},
		F5:        ""OPEN"",
	}
}

func (v *StructA) FuncA(ctx contractapi.TransactionContextInterface, v11 string, v12 string) error {
	v1 := NewStructB(v11, v12)

	v2, err := json.Marshal(v1)
	if err != nil {
		return err
	}

	return ctx.GetStub().PutState(v11, v2)
}
```

#### 6. **Vulnerability Type:** Insecure Key Management
**Severity:** Low  
**Affected Code Location:** `FuncA` (Lines 21-23)  
**Description:** The `FuncA` function uses the input `v11` as a key without any validation or sanitization. This could lead to insecure key management if `v11` contains malicious data.  
**Recommended Fix:** Validate the input `v11` to ensure it meets the expected format and content.

```go
func (v *StructA) FuncA(ctx contractapi.TransactionContextInterface, v11 string, v12 string) error {
	// Validate v11
	if !isValidKey(v11) {
		return fmt.Errorf(""invalid key"")
	}

	v1 := NewStructB(v11, v12)

	v2, err := json.Marshal(v1)
	if err != nil {
		return err
	}

	return ctx.GetStub().PutState(v11, v2)
}

func isValidKey(key string) bool {
	// Add validation logic here
	return true
}
```

### Summary
- **Access Control Issues:** High (FuncE)
- **Input Validation Flaws:** High (FuncB)
- **Read-After-Write Conflicts (Phantom Reads):** Medium (FuncC)
- **Private Data Leakage:** Medium (FuncD)
- **Non-Deterministic Operations:** Low (FuncA)
- **Insecure Key Management:** Low (FuncA)

No other vulnerabilities were detected in the provided code."
2026-02-09T14:47:55.848685,qwen2.5-coder-7b-instruct-q4_k_m.gguf,zero_shot,vuln_04_b_nested_map.go,2668,19.467,"### Analysis of 'vuln_04_b_nested_map.go'

#### 1. Access Control Issues
**Vulnerability Type:** Access Control Issues
**Severity:** High
**Affected Code Location:** `FuncA`, `FuncB`, `FuncC`
**Description:** The chaincode does not enforce any access control checks. Any user can call `FuncA`, `FuncB`, and `FuncC` without any restrictions. This can lead to unauthorized modifications and data leakage.
**Recommended Fix:** Implement access control checks to ensure that only authorized users can call these functions. This can be done by checking the identity of the caller using `ctx.GetStub().GetCreator()` and comparing it against a list of allowed users or roles.

#### 2. Input Validation Flaws
**Vulnerability Type:** Input Validation Flaws
**Severity:** High
**Affected Code Location:** `FuncA`, `FuncB`, `FuncC`
**Description:** The chaincode does not validate the input data thoroughly. For example, it does not check if the input JSON is well-formed or if the keys and values are within expected ranges. This can lead to unexpected behavior or security vulnerabilities.
**Recommended Fix:** Add comprehensive input validation to ensure that the input JSON is well-formed and that the keys and values are within expected ranges. Use libraries like `go-playground/validator` to validate the input data.

#### 3. Read-After-Write Conflicts (Phantom Reads)
**Vulnerability Type:** Read-After-Write Conflicts (Phantom Reads)
**Severity:** Medium
**Affected Code Location:** `FuncA`, `FuncB`, `FuncC`
**Description:** The chaincode does not handle concurrent transactions properly. For example, `FuncA` and `FuncC` both modify the same state variables without proper synchronization. This can lead to phantom reads, where a transaction reads data that was not committed by any other transaction.
**Recommended Fix:** Use transactions to ensure that multiple operations are executed atomically. This can be done by wrapping the operations in a transaction using `ctx.GetStub().GetTxID()` and `ctx.GetStub().GetTransient()`.

#### 4. Private Data Leakage
**Vulnerability Type:** Private Data Leakage
**Severity:** High
**Affected Code Location:** `FuncA`, `FuncB`, `FuncC`
**Description:** The chaincode does not properly handle private data. For example, `FuncA` and `FuncB` store data in the world state without any encryption or access control. This can lead to private data leakage.
**Recommended Fix:** Encrypt sensitive data before storing it in the world state. Use libraries like `golang.org/x/crypto/nacl/secretbox` to encrypt and decrypt data.

#### 5. Non-Deterministic Operations
**Vulnerability Type:** Non-Deterministic Operations
**Severity:** Low
**Affected Code Location:** `FuncA`, `FuncB`, `FuncC`
**Description:** The chaincode does not handle non-deterministic operations properly. For example, `FuncA` and `FuncB` use the current time to generate unique keys, which can lead to non-deterministic behavior.
**Recommended Fix:** Use deterministic operations to generate unique keys. For example, use a counter or a UUID generator to generate unique keys.

#### 6. Insecure Key Management
**Vulnerability Type:** Insecure Key Management
**Severity:** High
**Affected Code Location:** `FuncA`, `FuncB`, `FuncC`
**Description:** The chaincode does not properly manage keys. For example, `FuncA` and `FuncB` use hardcoded keys to store data in the world state. This can lead to insecure key management.
**Recommended Fix:** Use secure key management practices to generate and store keys. For example, use a key management service like HashiCorp Vault to generate and store keys.

### Conclusion
The chaincode has several security vulnerabilities, including access control issues, input validation flaws, read-after-write conflicts, private data leakage, non-deterministic operations, and insecure key management. These vulnerabilities can lead to unauthorized modifications, data leakage, and other security issues. To mitigate these risks, the chaincode should be refactored to include proper access control checks, input validation, transaction handling, encryption, deterministic operations, and secure key management."
2026-02-09T14:48:16.768997,qwen2.5-coder-7b-instruct-q4_k_m.gguf,zero_shot,vuln_04_map_iter.go,2472,20.904,"### Analysis of 'vuln_04_map_iter.go'

#### 1. Access Control Issues
**Vulnerability Type:** Access Control Issues
**Severity:** High
**Affected Code Location:** `FuncB`, `FuncC`, `FuncD`
**Description:** The chaincode does not enforce any access control checks. Any user can call `FuncB`, `FuncC`, and `FuncD` and modify the state of the ledger without any restrictions.
**Recommended Fix:** Implement access control checks to ensure that only authorized users can modify the state. This can be done by checking the identity of the caller using `ctx.GetStub().GetCreator()` and comparing it against a list of authorized users.

#### 2. Input Validation Flaws
**Vulnerability Type:** Input Validation Flaws
**Severity:** High
**Affected Code Location:** `FuncA`, `FuncB`, `FuncC`, `FuncD`
**Description:** The chaincode does not validate the input parameters. For example, `FuncA` does not validate the length of the input strings, `FuncB` does not validate the keys in the map, and so on. This can lead to unexpected behavior or security vulnerabilities.
**Recommended Fix:** Add input validation checks to ensure that the input parameters are valid. For example, check the length of the input strings, validate the keys in the map, and so on.

#### 3. Read-After-Write Conflicts (Phantom Reads)
**Vulnerability Type:** Read-After-Write Conflicts (Phantom Reads)
**Severity:** Medium
**Affected Code Location:** `FuncB`, `FuncD`
**Description:** The chaincode does not handle read-after-write conflicts. For example, in `FuncB`, the chaincode reads the state of a product, modifies it, and then writes it back. If another transaction modifies the state of the product between the read and write operations, the chaincode will overwrite the changes made by the other transaction.
**Recommended Fix:** Use transactions to ensure that read-after-write conflicts are handled correctly. For example, wrap the read and write operations in a transaction using `ctx.GetStub().GetTxID()` and `ctx.GetStub().GetTxTimestamp()`.

#### 4. Private Data Leakage
**Vulnerability Type:** Private Data Leakage
**Severity:** Medium
**Affected Code Location:** `FuncC`
**Description:** The chaincode does not handle private data leakage. For example, in `FuncC`, the chaincode reads the state of all products and calculates the inventory report. If the state of the products contains private data, this data will be leaked to the caller.
**Recommended Fix:** Use private data collections to store private data. For example, use `ctx.GetStub().CreatePrivateDataCollection()` to create a private data collection and store the private data in it. Then, use `ctx.GetStub().GetPrivateData()` to read the private data.

#### 5. Non-Deterministic Operations
**Vulnerability Type:** Non-Deterministic Operations
**Severity:** Low
**Affected Code Location:** `FuncB`, `FuncC`, `FuncD`
**Description:** The chaincode does not handle non-deterministic operations. For example, in `FuncB`, the chaincode reads the state of a product and modifies it. If the state of the product is modified by another transaction between the read and write operations, the chaincode will overwrite the changes made by the other transaction. This can lead to non-deterministic behavior.
**Recommended Fix:** Use transactions to ensure that non-deterministic operations are handled correctly. For example, wrap the read and write operations in a transaction using `ctx.GetStub().GetTxID()` and `ctx.GetStub().GetTxTimestamp()`.

#### 6. Insecure Key Management
**Vulnerability Type:** Insecure Key Management
**Severity:** Low
**Affected Code Location:** None
**Description:** The chaincode does not handle insecure key management. For example, the chaincode uses the default key management settings provided by Hyperledger Fabric. This can lead to insecure key management if the default settings are not secure.
**Recommended Fix:** Use secure key management settings. For example, use `ctx.GetStub().GetTxID()` and `ctx.GetStub().GetTxTimestamp()` to generate secure keys.

### Conclusion
The chaincode has several security vulnerabilities, including access control issues, input validation flaws, read-after-write conflicts, private data leakage, non-deterministic operations, and insecure key management. These vulnerabilities can lead to unexpected behavior, security vulnerabilities, and data leakage. To mitigate these vulnerabilities, the chaincode should be modified to include access control checks, input validation checks, transactions, private data collections, and secure key management settings."
2026-02-09T14:48:35.461072,qwen2.5-coder-7b-instruct-q4_k_m.gguf,zero_shot,vuln_05_phantom.go,2884,18.691,"### Analysis of 'vuln_05_phantom.go'

#### 1. **Vulnerability Type:** Access Control Issues
**Severity:** Medium  
**Affected Code Location:** `FuncB` (line 36)  
**Description:** The function `FuncB` retrieves all states with a partial composite key, which could potentially expose sensitive data if not properly controlled. If the data is not intended to be public, this could lead to data leakage.  
**Recommended Fix:** Implement access control checks to ensure that only authorized users can access the data. This can be done by checking the identity of the transaction context and ensuring it matches the expected user or role.

#### 2. **Vulnerability Type:** Input Validation Flaws
**Severity:** High  
**Affected Code Location:** `FuncA` (line 14)  
**Description:** The function `FuncA` does not validate the input values `v19`, `v20`, `v21`, and `v22`. If these values are not properly validated, they could lead to unexpected behavior or security vulnerabilities. For example, `v22` is used in the creation of a composite key, and if it is not a valid string, it could cause issues.  
**Recommended Fix:** Add input validation to ensure that `v19`, `v20`, `v21`, and `v22` are valid and meet the expected format.

#### 3. **Vulnerability Type:** Read-After-Write Conflicts (Phantom Reads)
**Severity:** Medium  
**Affected Code Location:** `FuncB` (line 36)  
**Description:** The function `FuncB` retrieves all states with a partial composite key and then iterates over them. If another transaction is modifying the data during this iteration, it could lead to phantom reads, where the function reads data that was not present before the iteration started.  
**Recommended Fix:** Use transactions to ensure that the data is consistent and not modified by other transactions during the iteration.

#### 4. **Vulnerability Type:** Private Data Leakage
**Severity:** Medium  
**Affected Code Location:** `FuncB` (line 36)  
**Description:** Similar to the access control issue, the function `FuncB` retrieves all states with a partial composite key, which could potentially expose sensitive data if not properly controlled. If the data is not intended to be public, this could lead to data leakage.  
**Recommended Fix:** Implement access control checks to ensure that only authorized users can access the data. This can be done by checking the identity of the transaction context and ensuring it matches the expected user or role.

#### 5. **Vulnerability Type:** Non-Deterministic Operations
**Severity:** Low  
**Affected Code Location:** `FuncB` (line 36)  
**Description:** The function `FuncB` iterates over all states with a partial composite key and calculates the sum of `F3` values. If the data is modified by another transaction during the iteration, the sum could be incorrect. However, this is a non-deterministic operation rather than a security vulnerability.  
**Recommended Fix:** Use transactions to ensure that the data is consistent and not modified by other transactions during the iteration.

#### 6. **Vulnerability Type:** Insecure Key Management
**Severity:** Low  
**Affected Code Location:** `FuncA` (line 14)  
**Description:** The function `FuncA` creates a composite key using `v22` and `v19`. If `v22` is not a secure value, it could be used to create a composite key that is not secure. However, this is a low-level issue and not a direct security vulnerability.  
**Recommended Fix:** Ensure that `v22` and `v19` are secure values and that the composite key is created using a secure method.

### Conclusion
The chaincode contains several security vulnerabilities, including access control issues, input validation flaws, read-after-write conflicts, private data leakage, non-deterministic operations, and insecure key management. Addressing these vulnerabilities will improve the security of the chaincode."
2026-02-09T14:49:14.529219,qwen2.5-coder-7b-instruct-q4_k_m.gguf,zero_shot,vuln_06_b_conditional_leak.go,2633,39.043,"### Analysis of 'vuln_06_b_conditional_leak.go'

#### 1. **Vulnerability Type:** Access Control Issues
**Severity:** High  
**Affected Code Location:** `FuncA` (line 21)  
**Description:** The function `FuncA` does not check if the caller has the necessary permissions to modify the state. If the caller is not authorized, they could potentially approve claims without proper validation.

**Recommended Fix:** Implement access control checks to ensure that only authorized users can approve claims. This can be done by checking the caller's identity and permissions before modifying the state.

```go
func (ic *StructA) FuncA(ctx contractapi.TransactionContextInterface, v11 string, v12 string, v13 string) error {
	// Check if the caller has the necessary permissions
	caller := ctx.GetStub().GetCreator()
	if !isAuthorized(caller) {
		return fmt.Errorf(""caller is not authorized to approve claims"")
	}

	// Existing code...
}
```

#### 2. **Vulnerability Type:** Input Validation Flaws
**Severity:** High  
**Affected Code Location:** `FuncA` (line 21)  
**Description:** The function `FuncA` does not validate the input `v13` (approver) to ensure it is a valid user or role. This could lead to unauthorized access if an invalid approver is provided.

**Recommended Fix:** Validate the input `v13` to ensure it is a valid user or role before proceeding with the approval process.

```go
func (ic *StructA) FuncA(ctx contractapi.TransactionContextInterface, v11 string, v12 string, v13 string) error {
	// Validate the approver
	if !isValidApprover(v13) {
		return fmt.Errorf(""invalid approver"")
	}

	// Existing code...
}
```

#### 3. **Vulnerability Type:** Read-After-Write Conflicts (Phantom Reads)
**Severity:** Medium  
**Affected Code Location:** `FuncA` (lines 27-32)  
**Description:** The function `FuncA` retrieves the state twice (`v1` and `v3`) and iterates over both. This can lead to phantom reads if another transaction modifies the state between the two reads.

**Recommended Fix:** Use a single read operation to retrieve the state and iterate over it.

```go
func (ic *StructA) FuncA(ctx contractapi.TransactionContextInterface, v11 string, v12 string, v13 string) error {
	v1, err := ctx.GetStub().GetStateByRange(v11, v12)
	if err != nil {
		return fmt.Errorf(""failed to get state by range: %v"", err)
	}
	defer v1.Close()

	for v1.HasNext() {
		v4, err := v1.Next()
		if err != nil {
			return err
		}

		var v9 StructB
		err = json.Unmarshal(v4.Value, &v9)
		if err != nil {
			return err
		}

		if v9.F4 == ""PENDING"" {
			v9.F4 = ""APPROVED""
			v9.F5 = v13
			v5, _ := json.Marshal(v9)
			ctx.GetStub().PutState(v9.F1, v5)
		}
	}

	return nil
}
```

#### 4. **Vulnerability Type:** Private Data Leakage
**Severity:** High  
**Affected Code Location:** `FuncA` (line 38)  
**Description:** The function `FuncA` modifies the state without checking if the data is private. If the data is private, it could be leaked to unauthorized users.

**Recommended Fix:** Implement access control checks to ensure that only authorized users can modify private data.

```go
func (ic *StructA) FuncA(ctx contractapi.TransactionContextInterface, v11 string, v12 string, v13 string) error {
	v1, err := ctx.GetStub().GetStateByRange(v11, v12)
	if err != nil {
		return fmt.Errorf(""failed to get state by range: %v"", err)
	}
	defer v1.Close()

	for v1.HasNext() {
		v4, err := v1.Next()
		if err != nil {
			return err
		}

		var v9 StructB
		err = json.Unmarshal(v4.Value, &v9)
		if err != nil {
			return err
		}

		// Check if the data is private
		if isPrivateData(v9) {
			return fmt.Errorf(""private data cannot be modified"")
		}

		if v9.F4 == ""PENDING"" {
			v9.F4 = ""APPROVED""
			v9.F5 = v13
			v5, _ := json.Marshal(v9)
			ctx.GetStub().PutState(v9.F1, v5)
		}
	}

	return nil
}
```

#### 5. **Vulnerability Type:** Non-Deterministic Operations
**Severity:** Low  
**Affected Code Location:** `FuncA` (line 38)  
**Description:** The function `FuncA` modifies the state based on the value of `v9.F4`. If `v9.F4` is not ""PENDING"", the state is not modified. This could lead to non-deterministic behavior if the value of `v9.F4` is not consistent.

**Recommended Fix:** Ensure that the value of `v9.F4` is consistent and that the state is modified only when necessary.

```go
func (ic *StructA) FuncA(ctx contractapi.TransactionContextInterface, v11 string, v12 string, v13 string) error {
	v1, err := ctx.GetStub().GetStateByRange(v11, v12)
	if err != nil {
		return fmt.Errorf(""failed to get state by range: %v"", err)
	}
	defer v1.Close()

	for v1.HasNext() {
		v4, err := v1.Next()
		if err != nil {
			return err
		}

		var v9 StructB
		err = json.Unmarshal(v4.Value, &v9)
		if err != nil {
			return err
		}

		if v9.F4 == ""PENDING"" {
			v9.F4 = ""APPROVED""
			v9.F5 = v13
			v5, _ := json.Marshal(v9)
			ctx.GetStub().PutState(v9.F1, v5)
		}
	}

	return nil
}
```

#### 6. **Vulnerability Type:** Insecure Key Management
**Severity:** Low  
**Affected Code Location:** `FuncA` (line 38)  
**Description:** The function `FuncA` uses the value of `v9.F1` as a key to store the modified state. If `v9.F1` is not a secure value, it could be used to store sensitive data.

**Recommended Fix:** Ensure that the value of `v9.F1` is a secure value and that it is not used to store sensitive data.

```go
func (ic *StructA) FuncA(ctx contractapi.TransactionContextInterface, v11 string, v12 string, v13 string) error {
	v1, err := ctx.GetStub().GetStateByRange(v11, v12)
	if err != nil {
		return fmt.Errorf(""failed to get state by range: %v"", err)
	}
	defer v1.Close()

	for v1.HasNext() {
		v4, err := v1.Next()
		if err != nil {
			return err
		}

		var v9 StructB
		err = json.Unmarshal(v4.Value, &v9)
		if err != nil {
			return err
		}

		if v9.F4 == ""PENDING"" {
			v9.F4 = ""APPROVED""
			v9.F5 = v13
			v5, _ := json.Marshal(v9)
			ctx.GetStub().PutState(v9.F1, v5)
		}
	}

	return nil
}
```

### Summary
- **Access Control Issues:** High
- **Input Validation Flaws:** High
- **Read-After-Write Conflicts (Phantom Reads):** Medium
- **Private Data Leakage:** High
- **Non-Deterministic Operations:** Low
- **Insecure Key Management:** Low

These vulnerabilities should be addressed to improve the security of the chaincode."
2026-02-09T14:49:26.676563,qwen2.5-coder-7b-instruct-q4_k_m.gguf,zero_shot,vuln_06_iterator_leak.go,2848,12.146,"### Analysis of 'vuln_06_iterator_leak.go'

#### 1. **Vulnerability Type:** Iterator Leak
#### 2. **Severity:** High
#### 3. **Affected Code Location:** `FuncD` and `FuncE`
#### 4. **Description of the Issue:**
   - In `FuncD`, the iterator `v3` is not closed after its use. This can lead to resource leaks and potential performance issues.
   - In `FuncE`, the iterator `v3` is not closed after its use. Similar to `FuncD`, this can lead to resource leaks and potential performance issues.

#### 5. **Recommended Fix:**
   - Close the iterator after its use by calling `v3.Close()`.

```go
func (ar *StructA) FuncD(ctx contractapi.TransactionContextInterface, v16 string, v17 string) error {
	
	v3, err := ctx.GetStub().GetStateByPartialCompositeKey(""Asset"", []string{v16})
	if err != nil {
		return fmt.Errorf(""failed to query assets by owner: %v"", err)
	}
	defer v3.Close() // Close the iterator after use

	for v3.HasNext() {
		v4, err := v3.Next()
		if err != nil {
			return err 
		}

		var v1 StructB
		json.Unmarshal(v4.Value, &v1)
		v1.F3 = v17

		v6, _ := json.Marshal(v1)
		err = ctx.GetStub().PutState(v1.F1, v6)
		if err != nil {
			return err 
		}
	}

	return nil
}

func (ar *StructA) FuncE(ctx contractapi.TransactionContextInterface, v14 string, v15 string) (int, error) {
	
	v3, err := ctx.GetStub().GetStateByRange(v14, v15)
	if err != nil {
		return 0, err
	}
	defer v3.Close() // Close the iterator after use

	v7 := 0
	for v3.HasNext() {
		v4, err := v3.Next()
		if err != nil {
			return v7, err 
		}

		var v1 StructB
		json.Unmarshal(v4.Value, &v1)

		if v1.F4 {
			v1.F4 = false
			v6, _ := json.Marshal(v1)
			ctx.GetStub().PutState(v1.F1, v6)
			v7++
		}
	}

	return v7, nil
}
```

### No other vulnerabilities detected."
2026-02-09T14:49:45.096952,Meta-Llama-3.1-8B-Instruct-Q4_K_M.gguf,zero_shot,safe_01_logging.go,3106,15.685,"After analyzing the provided Go chaincode file 'safe_01_logging.go', I have identified the following security vulnerabilities:

1. **Vulnerability type:** Access control issue
**Severity:** High
**Affected code location:** `FuncA` and `FuncB`
**Description of the issue:** The chaincode does not enforce any access control mechanisms to restrict who can perform certain actions on the documents. For example, anyone can call `FuncA` to create a document, and anyone can call `FuncB` to approve a document.
**Recommended fix:** Implement access control mechanisms, such as using the `contractapi.TransactionContextInterface` to check the identity of the user performing the action and only allow authorized users to perform certain actions.

2. **Vulnerability type:** Input validation flaw
**Severity:** Medium
**Affected code location:** `FuncA` and `FuncB`
**Description of the issue:** The chaincode does not validate the input parameters passed to the functions. For example, in `FuncA`, the `v11`, `v12`, and `v13` parameters are not validated for empty strings or null values.
**Recommended fix:** Add input validation to check for empty strings or null values and return an error if the input is invalid.

3. **Vulnerability type:** Read-after-write conflict (phantom reads)
**Severity:** Medium
**Affected code location:** `FuncB`
**Description of the issue:** In `FuncB`, the chaincode reads the document from the world state, checks if it exists, and then updates the document. However, if another transaction updates the document between the read and write operations, the chaincode may read an outdated version of the document.
**Recommended fix:** Use a more robust locking mechanism, such as a transaction lock, to ensure that only one transaction can update the document at a time.

4. **Vulnerability type:** Private data leakage
**Severity:** Medium
**Affected code location:** `FuncA` and `FuncB`
**Description of the issue:** The chaincode stores sensitive information, such as the transaction timestamp, in the document. This information may be considered private and should not be exposed.
**Recommended fix:** Remove the sensitive information from the document or encrypt it before storing it.

5. **Vulnerability type:** Non-deterministic operations
**Severity:** Medium
**Affected code location:** `FuncC`
**Description of the issue:** In `FuncC`, the chaincode measures the time taken to execute the function and prints it to the console. However, this operation is non-deterministic and may vary depending on the system load and other factors.
**Recommended fix:** Remove the non-deterministic operation or use a more robust timing mechanism that is less susceptible to variations.

6. **Vulnerability type:** Insecure key management
**Severity:** Low
**Affected code location:** `main` function
**Description of the issue:** The chaincode uses the `contractapi.NewChaincode` function to create a new instance of the chaincode. However, this function may not provide any security features to protect the chaincode's keys.
**Recommended fix:** Use a more secure key management mechanism, such as the `fabric-ca` package, to manage the chaincode's keys.

In summary, the chaincode has several security vulnerabilities that need to be addressed to ensure its security and integrity."
2026-02-09T14:49:59.424514,Meta-Llama-3.1-8B-Instruct-Q4_K_M.gguf,zero_shot,safe_02_local_var.go,3272,14.328,"After analyzing the provided Go chaincode file 'safe_02_local_var.go', I have identified the following security vulnerabilities:

1. **Vulnerability type:** Access Control Issue
**Severity:** High
**Affected code location:** `FuncC` (lines 134-155)
**Description of the issue:** The `FuncC` function allows any user to refund a payment, regardless of their role or permissions. This can lead to unauthorized refunds and potential financial losses.
**Recommended fix:** Implement a permission check in `FuncC` to ensure only authorized users can refund payments.

2. **Vulnerability type:** Input Validation Flaw
**Severity:** Medium
**Affected code location:** `FuncA` (lines 44-49)
**Description of the issue:** The `FuncA` function does not validate the input `v12` (string) for length or format. This can lead to potential buffer overflow attacks or incorrect data processing.
**Recommended fix:** Add input validation for `v12` to ensure it meets the expected format and length.

3. **Vulnerability type:** Read-after-Write Conflict (Phantom Read)
**Severity:** Medium
**Affected code location:** `FuncB` (lines 64-75) and `FuncC` (lines 134-155)
**Description of the issue:** The `FuncB` and `FuncC` functions read and update the state of a payment without proper locking or synchronization. This can lead to phantom reads or inconsistent data.
**Recommended fix:** Implement proper locking or synchronization mechanisms to prevent phantom reads.

4. **Vulnerability type:** Private Data Leakage
**Severity:** Low
**Affected code location:** `FuncD` (lines 96-103)
**Description of the issue:** The `FuncD` function returns sensitive information (e.g., `maxTransferLimit`, `defaultCurrency`) in plain text. This can lead to potential data leakage.
**Recommended fix:** Encrypt or mask sensitive information before returning it.

5. **Vulnerability type:** Non-Deterministic Operations
**Severity:** Medium
**Affected code location:** `FuncF` (lines 178-181)
**Description of the issue:** The `FuncF` function uses `math.Round` to round a value, which can lead to non-deterministic results due to floating-point precision issues.
**Recommended fix:** Use a deterministic rounding function or avoid rounding altogether.

6. **Vulnerability type:** Insecure Key Management
**Severity:** Low
**Affected code location:** None (no cryptographic keys are used)
**Description of the issue:** The chaincode does not use any cryptographic keys, which can lead to potential security risks if keys are introduced in the future.
**Recommended fix:** Implement secure key management practices if cryptographic keys are introduced.

No other vulnerabilities were detected in the provided chaincode file."
2026-02-09T14:50:16.454522,Meta-Llama-3.1-8B-Instruct-Q4_K_M.gguf,zero_shot,safe_03_map_read.go,3060,17.03,"After analyzing the provided Go chaincode file 'safe_03_map_read.go', I have identified the following security vulnerabilities:

1. **Vulnerability type:** Access Control Issue
**Severity:** Critical
**Affected code location:** `FuncC` (line 143)
**Description of the issue:** The `FuncC` function allows any user to check if a voter is registered and if they are eligible to vote in a specific district. However, it does not check the user's identity or permissions, which means that any user can access this information. This is a critical issue because it allows unauthorized access to sensitive information.
**Recommended fix:** Add authentication and authorization checks to ensure that only authorized users can access this information.

2. **Vulnerability type:** Input Validation Flaw
**Severity:** High
**Affected code location:** `FuncA` (line 24) and `FuncB` (line 63)
**Description of the issue:** The `FuncA` and `FuncB` functions do not validate the input parameters `v22` and `v9` respectively. This means that if an attacker provides malicious input, it can lead to unexpected behavior or errors.
**Recommended fix:** Add input validation checks to ensure that the input parameters are valid and within expected ranges.

3. **Vulnerability type:** Read-after-Write Conflict (Phantom Read)
**Severity:** Medium
**Affected code location:** `FuncB` (line 63)
**Description of the issue:** The `FuncB` function reads the ballot for a voter and then increments the vote count. However, if another transaction updates the ballot between the read and write operations, it can lead to a phantom read.
**Recommended fix:** Use a transactional approach to ensure that the read and write operations are atomic.

4. **Vulnerability type:** Private Data Leakage
**Severity:** Medium
**Affected code location:** `FuncD` (line 173)
**Description of the issue:** The `FuncD` function returns the tally for an election, which may contain sensitive information. However, it does not check if the user has permission to access this information.
**Recommended fix:** Add authentication and authorization checks to ensure that only authorized users can access this information.

5. **Vulnerability type:** Non-Deterministic Operations
**Severity:** Medium
**Affected code location:** `FuncB` (line 63)
**Description:** The `FuncB` function uses a map to store the vote counts, which is not thread-safe. This means that if multiple transactions update the map simultaneously, it can lead to non-deterministic behavior.
**Recommended fix:** Use a thread-safe data structure, such as a mutex, to ensure that the map is accessed safely.

6. **Vulnerability type:** Insecure Key Management
**Severity:** Low
**Affected code location:** `main` (line 189)
**Description of the issue:** The `main` function uses a hardcoded key to start the chaincode. This means that if the key is compromised, an attacker can start the chaincode and access sensitive information.
**Recommended fix:** Use a secure key management system to generate and store keys securely.

In summary, the provided chaincode has several security vulnerabilities that need to be addressed. These vulnerabilities include access control issues, input validation flaws, read-after-write conflicts, private data leakage, non-deterministic operations, and insecure key management."
2026-02-09T14:50:32.685599,Meta-Llama-3.1-8B-Instruct-Q4_K_M.gguf,zero_shot,safe_04_math_rand.go,2826,16.23,"After analyzing the provided Go chaincode file 'safe_04_math_rand.go', I have identified several security vulnerabilities:

1. **Vulnerability type:** Access Control Issue
**Severity:** High
**Affected code location:** `FuncA` and `FuncB`
**Description of the issue:** The `FuncA` and `FuncB` functions do not check the caller's identity or permissions before performing operations on the state. This allows any user to register or transfer packages without proper authorization.
**Recommended fix:** Implement access control checks using the `contractapi.TransactionContextInterface` to verify the caller's identity and permissions before performing operations on the state.

2. **Vulnerability type:** Input Validation Flaw
**Severity:** Medium
**Affected code location:** `FuncA` and `FuncB`
**Description of the issue:** The `FuncA` and `FuncB` functions do not validate the input parameters properly. For example, in `FuncA`, the `v11`, `v12`, and `v13` parameters are not validated, which could lead to unexpected behavior or errors.
**Recommended fix:** Add input validation checks to ensure that the input parameters are valid and within expected ranges.

3. **Vulnerability type:** Read-after-Write Conflict (Phantom Read)
**Severity:** Medium
**Affected code location:** `FuncB`
**Description of the issue:** In `FuncB`, the function reads the state of the package, unmarshals it, and then updates the state. However, if another transaction updates the state between the read and write operations, the function may read an outdated version of the state, leading to a phantom read.
**Recommended fix:** Use a transactional approach to ensure that the read and write operations are atomic.

4. **Vulnerability type:** Private Data Leakage
**Severity:** Medium
**Affected code location:** `FuncA` and `FuncB`
**Description of the issue:** The `FuncA` and `FuncB` functions log sensitive information, such as package IDs and transaction IDs, to the console. This could potentially leak sensitive information to unauthorized parties.
**Recommended fix:** Remove or encrypt sensitive information before logging it.

5. **Vulnerability type:** Non-Deterministic Operations
**Severity:** Medium
**Affected code location:** `FuncC`
**Description of the issue:** The `FuncC` function uses a random number generator to select a delivery message. This introduces non-determinism, making it difficult to reproduce and debug the chaincode.
**Recommended fix:** Replace the random number generator with a deterministic approach, such as using a fixed seed or a hash function.

6. **Vulnerability type:** Insecure Key Management
**Severity:** Low
**Affected code location:** `FuncD`
**Description of the issue:** The `FuncD` function uses the `GetState` method to read the state of a package. However, this method does not provide any encryption or authentication mechanisms to protect the data.
**Recommended fix:** Use a secure key management approach, such as encrypting the data or using a secure authentication mechanism.

In summary, the provided chaincode has several security vulnerabilities that need to be addressed. Implementing access control checks, input validation, and secure key management practices can help mitigate these risks."
2026-02-09T14:50:48.572248,Meta-Llama-3.1-8B-Instruct-Q4_K_M.gguf,zero_shot,safe_05_deterministic_time.go,3126,15.887,"After analyzing the provided Go chaincode file 'safe_05_deterministic_time.go', I have identified the following security vulnerabilities:

1. **Vulnerability type:** Access control issue
**Severity:** High
**Affected code location:** `FuncA`, `FuncB`, `FuncC`
**Description of the issue:** The chaincode does not enforce any access control mechanisms to restrict who can execute the functions. This allows anyone to execute the functions, potentially leading to unauthorized modifications to the state.
**Recommended fix:** Implement access control mechanisms, such as role-based access control (RBAC), to restrict who can execute the functions.

2. **Vulnerability type:** Input validation flaw
**Severity:** Medium
**Affected code location:** `FuncA`, `FuncB`, `FuncC`
**Description of the issue:** The chaincode does not validate the input parameters passed to the functions. This allows malicious users to pass invalid or malicious data, potentially leading to errors or security vulnerabilities.
**Recommended fix:** Validate the input parameters using functions like `strconv.Atoi()` or `strings.TrimSpace()` to ensure they are valid and safe.

3. **Vulnerability type:** Read-after-write conflict (phantom read)
**Severity:** Medium
**Affected code location:** `FuncB`
**Description of the issue:** In `FuncB`, the chaincode reads the state of the certificate, then updates it. However, if another transaction updates the state between the read and write operations, the chaincode may read the old state, leading to a phantom read.
**Recommended fix:** Use a transactional approach to ensure that the read and write operations are atomic.

4. **Vulnerability type:** Private data leakage
**Severity:** Medium
**Affected code location:** `FuncA`, `FuncB`, `FuncC`
**Description of the issue:** The chaincode stores sensitive data, such as certificate information, in the world state. If an unauthorized user gains access to the world state, they may be able to access sensitive data.
**Recommended fix:** Use a secure data storage mechanism, such as encrypted storage, to protect sensitive data.

5. **Vulnerability type:** Non-deterministic operations
**Severity:** Medium
**Affected code location:** `FuncB`
**Description of the issue:** In `FuncB`, the chaincode uses the current time to update the certificate state. However, if the chaincode is executed concurrently, the updates may not be deterministic, leading to inconsistent state.
**Recommended fix:** Use a deterministic approach to update the certificate state, such as using a timestamp from the transaction context.

6. **Vulnerability type:** Insecure key management
**Severity:** Low
**Affected code location:** `main`
**Description of the issue:** The chaincode uses the `contractapi.NewChaincode()` function to create a new chaincode instance. However, this function may use insecure key management mechanisms, such as storing keys in plain text.
**Recommended fix:** Use secure key management mechanisms, such as encrypted key storage, to protect the keys used by the chaincode.

In summary, the chaincode has several security vulnerabilities that need to be addressed to ensure the security and integrity of the system."
2026-02-09T14:51:07.335018,Meta-Llama-3.1-8B-Instruct-Q4_K_M.gguf,zero_shot,safe_06_external_lib.go,3138,18.763,"After analyzing the provided Go chaincode file 'safe_06_external_lib.go', I have identified several security vulnerabilities:

1.  **Vulnerability type:** Access Control Issue
    **Severity:** Critical
    **Affected code location:** `FuncA` and `FuncB` in the `StructA` struct
    **Description of the issue:** The `FuncA` and `FuncB` functions do not check the caller's identity or permissions before updating the state. This allows any user to update the state, potentially leading to unauthorized changes.
    **Recommended fix:** Implement access control checks using the `contractapi.TransactionContextInterface` to verify the caller's identity and permissions before updating the state.

2.  **Vulnerability type:** Input Validation Flaw
    **Severity:** High
    **Affected code location:** `FuncA` and `FuncB` in the `StructA` struct
    **Description of the issue:** The `FuncA` and `FuncB` functions do not validate the input parameters properly. For example, in `FuncA`, the `v10` parameter is not validated for existence before updating the state.
    **Recommended fix:** Add input validation checks to ensure that the input parameters are valid and consistent with the expected format.

3.  **Vulnerability type:** Read-After-Write Conflict (Phantom Read)
    **Severity:** Medium
    **Affected code location:** `FuncB` in the `StructB` struct
    **Description of the issue:** In `FuncB`, the state is read, updated, and then written back to the state store. However, there is a possibility of a phantom read occurring if another transaction updates the state between the read and write operations.
    **Recommended fix:** Use a transactional approach to ensure that the read and write operations are atomic, preventing phantom reads.

4.  **Vulnerability type:** Private Data Leakage
    **Severity:** Medium
    **Affected code location:** `FuncE` function
    **Description of the issue:** The `FuncE` function uses the `sha256.Sum256` function to generate a hash of the input parameters. However, the hash is then encoded as a hexadecimal string, which may leak sensitive information about the input parameters.
    **Recommended fix:** Use a secure hash function and avoid encoding the hash as a hexadecimal string. Instead, store the hash in a secure format, such as a binary representation.

5.  **Vulnerability type:** Non-Deterministic Operations
    **Severity:** Medium
    **Affected code location:** `FuncF` function
    **Description of the issue:** The `FuncF` function uses a switch statement to determine the output based on the input parameter `v11`. However, the switch statement is not deterministic, as the order of the cases is not guaranteed.
    **Recommended fix:** Use a deterministic approach to determine the output, such as using a map or a lookup table.

6.  **Vulnerability type:** Insecure Key Management
    **Severity:** Low
    **Affected code location:** `main` function
    **Description of the issue:** The `main` function uses the `contractapi.NewChaincode` function to create a new chaincode instance. However, the function does not check the security of the key management system used by the chaincode.
    **Recommended fix:** Implement secure key management practices, such as using a secure key store and ensuring that the keys are properly rotated and revoked.

In summary, the provided Go chaincode file 'safe_06_external_lib.go' has several security vulnerabilities that need to be addressed. These vulnerabilities include access control issues, input validation flaws, read-after-write conflicts, private data leakage, non-deterministic operations, and insecure key management."
2026-02-09T14:51:23.897510,Meta-Llama-3.1-8B-Instruct-Q4_K_M.gguf,zero_shot,vuln_01_b_interprocedural.go,2387,16.56,"**Vulnerability Analysis Report**

After analyzing the provided Go chaincode file 'vuln_01_b_interprocedural.go', the following security vulnerabilities were identified:

1. **Vulnerability type:** Access Control Issue
**Severity:** High
**Affected code location:** `FuncA` and `FuncB` methods
**Description of the issue:** Both `FuncA` and `FuncB` methods allow any user to update the state of a record without proper authorization. This can lead to unauthorized data modifications.
**Recommended fix:** Implement proper access control mechanisms, such as using the `GetUserContext` method to retrieve the user's identity and verify their permissions before updating the state.

2. **Vulnerability type:** Input Validation Flaw
**Severity:** Medium
**Affected code location:** `FuncA` and `FuncB` methods
**Description of the issue:** The `FuncA` method does not validate the input parameters `v11`, `v12`, `v13`, and `v14` before using them to update the state. Similarly, the `FuncB` method does not validate the input parameters `v11` and `v15` before updating the state.
**Recommended fix:** Add input validation to ensure that the parameters are properly sanitized and within expected ranges.

3. **Vulnerability type:** Read-after-Write Conflict (Phantom Read)
**Severity:** Medium
**Affected code location:** `FuncB` method
**Description of the issue:** The `FuncB` method reads the state of a record, updates it, and then writes the updated state back to the ledger. However, if another transaction updates the same record between the read and write operations, the updated state will be lost.
**Recommended fix:** Use the `GetStateByRange` method to read the entire range of values for a key, rather than relying on `GetState` to read a single value.

4. **Vulnerability type:** Private Data Leakage
**Severity:** Medium
**Affected code location:** `FuncC` method
**Description of the issue:** The `FuncC` method writes a note to the ledger with the record ID and the current timestamp. This can potentially leak sensitive information about the record's existence and modification history.
**Recommended fix:** Remove the note-writing functionality or ensure that it is properly secured and authorized.

5. **Vulnerability type:** Non-Deterministic Operation
**Severity:** Medium
**Affected code location:** `FuncE` and `FuncF` functions
**Description of the issue:** The `FuncE` and `FuncF` functions return the current timestamp, which can lead to non-deterministic behavior in the chaincode. This can cause issues with transaction ordering and consistency.
**Recommended fix:** Replace the timestamp functions with deterministic alternatives, such as using a fixed timestamp or a random number generator.

6. **Vulnerability type:** Insecure Key Management
**Severity:** Low
**Affected code location:** `main` function
**Description of the issue:** The `main` function uses the `NewChaincode` method to create a new instance of the chaincode, but it does not properly secure the key management.
**Recommended fix:** Implement proper key management and secure the chaincode instance using a secure key management system.

**No other vulnerabilities were detected.**

It is essential to address these vulnerabilities to ensure the security and integrity of the chaincode."
2026-02-09T14:51:50.812399,Meta-Llama-3.1-8B-Instruct-Q4_K_M.gguf,zero_shot,vuln_01_time.go,2531,26.915,"**Vulnerability Analysis Report**

After analyzing the provided Hyperledger Fabric chaincode file 'vuln_01_time.go', several security vulnerabilities were identified.

### Vulnerability 1: Access Control Issue

* **Vulnerability Type**: Access Control Issue
* **Severity**: High
* **Affected Code Location**: `FuncA`, `FuncB`, `FuncC`
* **Description of the issue**: The chaincode does not enforce any access control mechanisms, allowing any user to read and write to the world state. This can lead to unauthorized data modifications and potential security breaches.
* **Recommended fix**: Implement access control mechanisms, such as role-based access control (RBAC), to restrict access to sensitive data and operations.

### Vulnerability 2: Input Validation Flaw

* **Vulnerability Type**: Input Validation Flaw
* **Severity**: Medium
* **Affected Code Location**: `FuncA`, `FuncB`, `FuncC`
* **Description of the issue**: The chaincode does not validate user input, allowing potential buffer overflow attacks or data corruption.
* **Recommended fix**: Implement input validation mechanisms, such as JSON schema validation, to ensure that user input conforms to expected formats and structures.

### Vulnerability 3: Read-after-Write Conflict (Phantom Read)

* **Vulnerability Type**: Read-after-Write Conflict (Phantom Read)
* **Severity**: Medium
* **Affected Code Location**: `FuncB`, `FuncC`
* **Description of the issue**: The chaincode does not handle concurrent updates to the world state, leading to potential phantom reads and data inconsistencies.
* **Recommended fix**: Implement optimistic concurrency control mechanisms, such as version numbers or timestamps, to detect and handle concurrent updates.

### Vulnerability 4: Private Data Leakage

* **Vulnerability Type**: Private Data Leakage
* **Severity**: Medium
* **Affected Code Location**: `FuncA`, `FuncB`, `FuncC`
* **Description of the issue**: The chaincode stores sensitive data, such as timestamps, in the world state, potentially exposing it to unauthorized access.
* **Recommended fix**: Implement data encryption mechanisms, such as symmetric or asymmetric encryption, to protect sensitive data.

### Vulnerability 5: Non-Deterministic Operations

* **Vulnerability Type**: Non-Deterministic Operations
* **Severity**: Medium
* **Affected Code Location**: `FuncB`, `FuncC`
* **Description of the issue**: The chaincode uses non-deterministic operations, such as `time.Now()`, which can lead to inconsistent results and potential security breaches.
* **Recommended fix**: Replace non-deterministic operations with deterministic alternatives, such as using a fixed timestamp or a random number generator.

### Vulnerability 6: Insecure Key Management

* **Vulnerability Type**: Insecure Key Management
* **Severity**: Low
* **Affected Code Location**: `main`
* **Description of the issue**: The chaincode uses a hardcoded key for encryption, potentially exposing it to unauthorized access.
* **Recommended fix**: Implement secure key management mechanisms, such as key rotation and revocation, to protect encryption keys.

### Vulnerability 7: Potential Buffer Overflow

* **Vulnerability Type**: Potential Buffer Overflow
* **Severity**: Medium
* **Affected Code Location**: `FuncA`, `FuncB`, `FuncC`
* **Description of the issue**: The chaincode uses `json.Marshal()` and `json.Unmarshal()` without bounds checking, potentially leading to buffer overflow attacks.
* **Recommended fix**: Implement bounds checking mechanisms, such as using a safe JSON library, to prevent buffer overflow attacks.

### Vulnerability 8: Potential Data Corruption

* **Vulnerability Type**: Potential Data Corruption
* **Severity**: Medium
* **Affected Code Location**: `FuncA`, `FuncB`, `FuncC`
* **Description of the issue**: The chaincode uses `json.Marshal()` and `json.Unmarshal()` without error handling, potentially leading to data corruption.
* **Recommended fix**: Implement error handling mechanisms, such as using a safe JSON library, to prevent data corruption.

### Vulnerability 9: Potential Denial-of-Service (DoS) Attack

* **Vulnerability Type**: Potential Denial-of-Service (DoS) Attack
* **Severity**: High
* **Affected Code Location**: `FuncA`, `FuncB`, `FuncC`
* **Description of the issue**: The chaincode does not implement rate limiting or other DoS prevention mechanisms, potentially leading to a denial-of-service attack.
* **Recommended fix**: Implement rate limiting and other DoS prevention mechanisms to protect against denial-of-service attacks.

### Vulnerability 10: Potential Information Disclosure

* **Vulnerability Type**: Potential Information Disclosure
* **Severity**: Medium
* **Affected Code Location**: `FuncA`, `FuncB`, `FuncC`
* **Description of the issue**: The chaincode stores sensitive information, such as timestamps, in the world state, potentially exposing it to unauthorized access.
* **Recommended fix**: Implement data encryption mechanisms, such as symmetric or asymmetric encryption, to protect sensitive information.

### Conclusion

The provided Hyperledger Fabric chaincode file 'vuln_01_time.go' contains several security vulnerabilities, including access control issues, input validation flaws, read-after-write conflicts, private data leakage, non-deterministic operations, insecure key management, potential buffer overflow, potential data corruption, potential denial-of-service (DoS) attack, and potential information disclosure. It is essential to address these vulnerabilities to ensure the security and integrity of the chaincode."
2026-02-09T14:52:06.563919,Meta-Llama-3.1-8B-Instruct-Q4_K_M.gguf,zero_shot,vuln_02_global.go,2641,15.752,"After analyzing the provided Go chaincode file 'vuln_02_global.go', I have identified the following security vulnerabilities:

1. **Vulnerability type:** Access Control Issue
**Severity:** Critical
**Affected code location:** `FuncB` function
**Description of the issue:** The `FuncB` function allows any user to read and modify the state of any other user's account without proper authorization. This is because it does not check the user's identity or permissions before accessing and modifying the state.
**Recommended fix:** Implement proper access control mechanisms, such as checking the user's identity and permissions before accessing and modifying the state. This can be achieved by using the `GetUserContext` method provided by the `contractapi` package.

2. **Vulnerability type:** Input Validation Flaw
**Severity:** High
**Affected code location:** `FuncD` function
**Description of the issue:** The `FuncD` function does not validate the input values `v12` and `v13` before using them to update the state. This can lead to unexpected behavior or errors if the input values are invalid.
**Recommended fix:** Add input validation checks to ensure that the input values are valid and within the expected range.

3. **Vulnerability type:** Read-after-Write Conflict (Phantom Read)
**Severity:** Medium
**Affected code location:** `FuncB` function
**Description of the issue:** The `FuncB` function reads the state of the sender and recipient before updating it. However, it does not use the latest version of the state, which can lead to phantom reads.
**Recommended fix:** Use the `GetState` method with the `latest` option to retrieve the latest version of the state.

4. **Vulnerability type:** Private Data Leakage
**Severity:** Medium
**Affected code location:** `FuncD` function
**Description of the issue:** The `FuncD` function stores sensitive information, such as the owner's ID and the burned amount, in the state. This information can be accessed by anyone with read access to the state.
**Recommended fix:** Use a secure data storage mechanism, such as encryption, to protect sensitive information.

5. **Vulnerability type:** Non-Deterministic Operations
**Severity:** Medium
**Affected code location:** `FuncA` and `FuncB` functions
**Description of the issue:** The `FuncA` and `FuncB` functions use non-deterministic operations, such as incrementing the global counter `G1`, which can lead to inconsistent state.
**Recommended fix:** Use deterministic operations, such as using a separate counter for each user, to ensure consistent state.

6. **Vulnerability type:** Insecure Key Management
**Severity:** Low
**Affected code location:** `main` function
**Description of the issue:** The `main` function uses a hardcoded key to start the chaincode. This key can be accessed by anyone with read access to the code.
**Recommended fix:** Use a secure key management mechanism, such as a secrets manager, to store and retrieve the key.

No other vulnerabilities were found in the provided chaincode file. However, it is recommended to regularly review and update the code to ensure it remains secure and compliant with the Hyperledger Fabric security guidelines."
2026-02-09T14:52:23.079931,Meta-Llama-3.1-8B-Instruct-Q4_K_M.gguf,zero_shot,vuln_03_goroutine.go,2928,16.516,"After analyzing the provided Go chaincode file 'vuln_03_goroutine.go', I have identified the following security vulnerabilities:

1. **Vulnerability type:** Access Control Issue
**Severity:** Critical
**Affected code location:** `FuncB` (line 34-40)
**Description of the issue:** The `FuncB` function allows any user to update the state of a proposal by calling `PutState` on the proposal's key. This is a critical vulnerability as it allows unauthorized users to modify the state of proposals.
**Recommended fix:** Implement access control checks to ensure that only authorized users can update the state of proposals. This can be achieved by using the `GetCallerPrincipal` method provided by the `contractapi` package to verify the user's identity.

2. **Vulnerability type:** Input Validation Flaw
**Severity:** High
**Affected code location:** `FuncA` (line 14-16), `FuncB` (line 24-26), `FuncC` (line 44-46), `FuncD` (line 64-66)
**Description of the issue:** The `FuncA`, `FuncB`, `FuncC`, and `FuncD` functions do not validate the input parameters. This allows an attacker to pass malicious data to the functions, potentially leading to security vulnerabilities.
**Recommended fix:** Add input validation checks to ensure that the input parameters are valid and do not contain malicious data.

3. **Vulnerability type:** Read-after-Write Conflict (Phantom Read)
**Severity:** Medium
**Affected code location:** `FuncC` (line 44-46)
**Description of the issue:** The `FuncC` function uses a mutex to synchronize access to the `v4` map. However, the mutex is not used consistently, which can lead to phantom reads.
**Recommended fix:** Use a consistent locking mechanism to prevent phantom reads.

4. **Vulnerability type:** Private Data Leakage
**Severity:** Medium
**Affected code location:** `FuncE` (line 84-86)
**Description of the issue:** The `FuncE` function sets an event with sensitive data (proposal and message). This data can be accessed by unauthorized users.
**Recommended fix:** Use a secure method to store and transmit sensitive data.

5. **Vulnerability type:** Non-Deterministic Operations
**Severity:** Medium
**Affected code location:** `FuncD` (line 64-66)
**Description of the issue:** The `FuncD` function uses a channel to communicate with goroutines. However, the channel is not properly synchronized, which can lead to non-deterministic behavior.
**Recommended fix:** Use a consistent synchronization mechanism to ensure deterministic behavior.

6. **Vulnerability type:** Insecure Key Management
**Severity:** Low
**Affected code location:** `main` (line 94-96)
**Description of the issue:** The `main` function uses a hardcoded key to start the chaincode. This is a low-risk vulnerability, but it is still recommended to use a secure key management system.
**Recommended fix:** Use a secure key management system to manage the chaincode's keys.

In summary, the provided chaincode file contains several security vulnerabilities that need to be addressed. These vulnerabilities can be fixed by implementing access control checks, input validation, consistent locking mechanisms, secure data storage and transmission, and secure key management."
2026-02-09T14:52:41.507380,Meta-Llama-3.1-8B-Instruct-Q4_K_M.gguf,zero_shot,vuln_04_b_nested_map.go,2668,18.427,"**Vulnerability Analysis Report**

After analyzing the provided Hyperledger Fabric chaincode file 'vuln_04_b_nested_map.go', the following security vulnerabilities were identified:

1. **Vulnerability type:** Access Control Issue
**Severity:** Critical
**Affected code location:** `FuncA` (line 24-25)
**Description of the issue:** The `FuncA` function allows any user to read and update the state of any zone, without proper authorization checks. This can lead to unauthorized access and modification of sensitive data.
**Recommended fix:** Implement proper authorization checks using the `TransactionContextInterface` to ensure that only authorized users can access and modify zone data.

2. **Vulnerability type:** Input Validation Flaw
**Severity:** High
**Affected code location:** `FuncA` (line 10-11), `FuncB` (line 14-15), `FuncC` (line 24-25)
**Description of the issue:** The `FuncA`, `FuncB`, and `FuncC` functions do not properly validate user input, which can lead to unexpected behavior, errors, or even security vulnerabilities.
**Recommended fix:** Implement proper input validation using functions like `json.Unmarshal` to ensure that user input is correctly formatted and does not contain malicious data.

3. **Vulnerability type:** Read-after-Write Conflict (Phantom Read)
**Severity:** Medium
**Affected code location:** `FuncA` (line 34-35)
**Description of the issue:** The `FuncA` function reads the state of a zone, updates it, and then writes the updated state back to the ledger. However, if another transaction updates the same zone between the read and write operations, the updated state may be lost.
**Recommended fix:** Use the `GetState` method with the `GetStateByRange` option to ensure that the latest version of the zone state is read.

4. **Vulnerability type:** Private Data Leakage
**Severity:** Medium
**Affected code location:** `FuncA` (line 38-39), `FuncB` (line 26-27), `FuncC` (line 34-35)
**Description of the issue:** The `FuncA`, `FuncB`, and `FuncC` functions store sensitive data (zone and item information) in the state of the ledger, which can be accessed by unauthorized users.
**Recommended fix:** Use the `PrivateData` API to store sensitive data securely and only allow authorized users to access it.

5. **Vulnerability type:** Non-Deterministic Operations
**Severity:** Medium
**Affected code location:** `FuncA` (line 24-25), `FuncB` (line 14-15), `FuncC` (line 24-25)
**Description of the issue:** The `FuncA`, `FuncB`, and `FuncC` functions perform non-deterministic operations (e.g., updating zone state, deleting state) that can lead to inconsistent state and errors.
**Recommended fix:** Use the `GetState` method with the `GetStateByRange` option to ensure that the latest version of the zone state is read and updated correctly.

6. **Vulnerability type:** Insecure Key Management
**Severity:** Low
**Affected code location:** `main` (line 12-13)
**Description of the issue:** The `main` function uses the `NewChaincode` function to create a new chaincode instance, but does not properly manage the key used for encryption.
**Recommended fix:** Use a secure key management system (e.g., Hyperledger Fabric's built-in key management) to manage encryption keys securely.

**No other vulnerabilities were detected.**

Note: The severity of the vulnerabilities is subjective and may vary depending on the specific use case and requirements of the chaincode."
2026-02-09T14:52:59.027625,Meta-Llama-3.1-8B-Instruct-Q4_K_M.gguf,zero_shot,vuln_04_map_iter.go,2472,17.52,"**Vulnerability Analysis Report**

After analyzing the provided Hyperledger Fabric chaincode file 'vuln_04_map_iter.go', several security vulnerabilities were identified.

### Vulnerability 1: Access Control Issue

* **Vulnerability Type:** Access Control Issue
* **Severity:** High
* **Affected Code Location:** `FuncB` (line 34)
* **Description of the Issue:** The `FuncB` function allows any user to update the state of any product by providing a valid JSON string. This can lead to unauthorized updates and potential data tampering.
* **Recommended Fix:** Implement access control checks to ensure that only authorized users can update the state of products.

### Vulnerability 2: Input Validation Flaw

* **Vulnerability Type:** Input Validation Flaw
* **Severity:** Medium
* **Affected Code Location:** `FuncB` (line 37) and `FuncD` (line 83)
* **Description of the Issue:** The `FuncB` and `FuncD` functions do not validate the input JSON strings properly, which can lead to unexpected behavior or crashes if the input is malformed.
* **Recommended Fix:** Implement robust input validation to ensure that the input JSON strings are well-formed and valid.

### Vulnerability 3: Read-After-Write Conflict (Phantom Read)

* **Vulnerability Type:** Read-After-Write Conflict (Phantom Read)
* **Severity:** Medium
* **Affected Code Location:** `FuncB` (line 43) and `FuncC` (line 64)
* **Description of the Issue:** The `FuncB` and `FuncC` functions read the state of a product, update it, and then write it back to the state store. However, if another transaction updates the same product between the read and write operations, the changes may be lost.
* **Recommended Fix:** Implement a mechanism to detect and handle concurrent updates to the same product.

### Vulnerability 4: Private Data Leakage

* **Vulnerability Type:** Private Data Leakage
* **Severity:** Medium
* **Affected Code Location:** `FuncC` (line 74)
* **Description of the Issue:** The `FuncC` function stores sensitive data (product prices and quantities) in the inventory report, which can be accessed by unauthorized users.
* **Recommended Fix:** Implement data encryption or access control mechanisms to protect sensitive data.

### Vulnerability 5: Non-Deterministic Operations

* **Vulnerability Type:** Non-Deterministic Operations
* **Severity:** Medium
* **Affected Code Location:** `FuncB` (line 43) and `FuncD` (line 83)
* **Description of the Issue:** The `FuncB` and `FuncD` functions update the state of products based on external inputs (JSON strings), which can lead to non-deterministic behavior.
* **Recommended Fix:** Implement deterministic operations to ensure that the state updates are predictable and consistent.

### Vulnerability 6: Insecure Key Management

* **Vulnerability Type:** Insecure Key Management
* **Severity:** Low
* **Affected Code Location:** `main` (line 96)
* **Description of the Issue:** The chaincode uses a hardcoded key for encryption, which can be compromised if the key is leaked.
* **Recommended Fix:** Implement secure key management practices, such as using a secure key store or generating keys dynamically.

**Conclusion:**

The provided Hyperledger Fabric chaincode file 'vuln_04_map_iter.go' contains several security vulnerabilities that can be addressed by implementing access control checks, input validation, concurrent update detection, data encryption, deterministic operations, and secure key management practices."
2026-02-09T14:53:15.269845,Meta-Llama-3.1-8B-Instruct-Q4_K_M.gguf,zero_shot,vuln_05_phantom.go,2884,16.242,"After analyzing the provided Go chaincode file 'vuln_05_phantom.go', I have identified the following security vulnerabilities:

1. **Vulnerability type:** Access control issue
**Severity:** High
**Affected code location:** `FuncD` (line 146)
**Description of the issue:** The `FuncD` function allows any user to update the state of another user's account (`v24`) without proper authorization. This can lead to unauthorized transactions and potential financial losses.
**Recommended fix:** Implement proper access control mechanisms, such as using the `GetUserContext` function to retrieve the user's identity and verify their permissions before updating the state.

2. **Vulnerability type:** Input validation flaw
**Severity:** Medium
**Affected code location:** `FuncB` (line 64)
**Description of the issue:** The `FuncB` function does not validate the input values from the state, which can lead to unexpected behavior or errors when processing the data.
**Recommended fix:** Add input validation checks to ensure that the values are valid and within expected ranges.

3. **Vulnerability type:** Phantom read
**Severity:** Medium
**Affected code location:** `FuncB` (line 64)
**Description of the issue:** The `FuncB` function reads the state of the ""Bid"" composite key, but it does not check if the key has been updated since the last read. This can lead to phantom reads, where the function reads stale data.
**Recommended fix:** Use the `GetStateByPartialCompositeKey` function with the `GetState` option set to `true` to retrieve the latest version of the state.

4. **Vulnerability type:** Private data leakage
**Severity:** Medium
**Affected code location:** `FuncD` (line 146)
**Description of the issue:** The `FuncD` function updates the state of the user's account (`v24`) with sensitive information (e.g., the user's balance). This can lead to private data leakage if the state is not properly encrypted or protected.
**Recommended fix:** Use the `PutState` function with the `Encrypt` option set to `true` to encrypt the sensitive data before storing it in the state.

5. **Vulnerability type:** Non-deterministic operation
**Severity:** Medium
**Affected code location:** `FuncB` (line 64)
**Description of the issue:** The `FuncB` function uses a loop to iterate over the state of the ""Bid"" composite key, but the order of the keys is not guaranteed. This can lead to non-deterministic behavior, where the function returns different results for the same input.
**Recommended fix:** Use a deterministic algorithm to iterate over the state, such as using a sorted list of keys.

6. **Vulnerability type:** Insecure key management
**Severity:** Low
**Affected code location:** `main` (line 173)
**Description of the issue:** The `main` function uses the `NewChaincode` function to create a new instance of the chaincode, but it does not properly manage the keys used for encryption and decryption.
**Recommended fix:** Use a secure key management system, such as the Hyperledger Fabric Key Management Service (KMS), to manage the keys used for encryption and decryption.

No other vulnerabilities were found in the provided chaincode file."
2026-02-09T14:54:00.543665,Meta-Llama-3.1-8B-Instruct-Q4_K_M.gguf,zero_shot,vuln_06_b_conditional_leak.go,2633,45.273,"After analyzing the provided Go chaincode file 'vuln_06_b_conditional_leak.go', I have identified the following security vulnerabilities:

1. **Vulnerability type:** Private data leakage
**Severity:** Critical
**Affected code location:** `FuncA` (line 27-30)
**Description of the issue:** In `FuncA`, the code retrieves the state by range using `ctx.GetStub().GetStateByRange(v11, v12)`, but it does not check if the retrieved value is valid JSON. If an attacker can manipulate the state to contain invalid JSON, the `json.Unmarshal` function will panic, potentially exposing sensitive information about the chaincode's internal state.
**Recommended fix:** Add input validation to ensure that the retrieved value is valid JSON before attempting to unmarshal it.

2. **Vulnerability type:** Private data leakage
**Severity:** Critical
**Affected code location:** `FuncB` (line 54-57)
**Description of the issue:** In `FuncB`, the code retrieves the state by range using `ctx.GetStub().GetStateByRange(v11, v12)`, but it does not check if the retrieved value is valid JSON. If an attacker can manipulate the state to contain invalid JSON, the `json.Unmarshal` function will panic, potentially exposing sensitive information about the chaincode's internal state.
**Recommended fix:** Add input validation to ensure that the retrieved value is valid JSON before attempting to unmarshal it.

3. **Vulnerability type:** Private data leakage
**Severity:** Critical
**Affected code location:** `FuncC` (line 83-86)
**Description of the issue:** In `FuncC`, the code retrieves the state by range using `ctx.GetStub().GetStateByRange(v15+""_0000"", v15+""_9999"")`, but it does not check if the retrieved value is valid JSON. If an attacker can manipulate the state to contain invalid JSON, the `json.Unmarshal` function will panic, potentially exposing sensitive information about the chaincode's internal state.
**Recommended fix:** Add input validation to ensure that the retrieved value is valid JSON before attempting to unmarshal it.

4. **Vulnerability type:** Read-after-write conflicts (phantom reads)
**Severity:** High
**Affected code location:** `FuncA` (line 35-38)
**Description of the issue:** In `FuncA`, the code retrieves the state by range using `ctx.GetStub().GetStateByRange(v11, v12)` twice, but it does not check if the retrieved values are the same. If an attacker can manipulate the state to contain different values between the two retrievals, the chaincode may produce inconsistent results.
**Recommended fix:** Use a single retrieval and store the result in a variable to avoid repeated retrievals.

5. **Vulnerability type:** Non-deterministic operations
**Severity:** High
**Affected code location:** `FuncC` (line 97-100)
**Description of the issue:** In `FuncC`, the code uses a counter `v6` to track the number of closed claims. However, the counter is not thread-safe, and multiple concurrent transactions may interfere with each other's counts. This can lead to inconsistent results and potential data corruption.
**Recommended fix:** Use a thread-safe data structure, such as a mutex or an atomic counter, to ensure that the counter is updated correctly in a concurrent environment.

6. **Vulnerability type:** Insecure key management
**Severity:** Medium
**Affected code location:** `main` (line 1-4)
**Description of the issue:** The chaincode uses the `contractapi.NewChaincode` function to create a new instance of the chaincode. However, this function does not provide any mechanism for securely managing the chaincode's keys. If an attacker can obtain the chaincode's keys, they may be able to access or modify the chaincode's internal state.
**Recommended fix:** Use a secure key management mechanism, such as a Hardware Security Module (HSM) or a secure key store, to manage the chaincode's keys.

7. **Vulnerability type:** Input validation flaws
**Severity:** Medium
**Affected code location:** `FuncB` (line 64-67)
**Description of the issue:** In `FuncB`, the code checks if the threshold `v14` is positive, but it does not check if it is within a valid range. If an attacker can provide an invalid threshold value, the chaincode may produce inconsistent results or panic.
**Recommended fix:** Add input validation to ensure that the threshold value is within a valid range.

8. **Vulnerability type:** Input validation flaws
**Severity:** Medium
**Affected code location:** `FuncC` (line 93-96)
**Description of the issue:** In `FuncC`, the code checks if the counter `v6` has reached 100, but it does not check if it is within a valid range. If an attacker can provide an invalid counter value, the chaincode may produce inconsistent results or panic.
**Recommended fix:** Add input validation to ensure that the counter value is within a valid range.

9. **Vulnerability type:** Non-deterministic operations
**Severity:** Medium
**Affected code location:** `FuncA` (line 41-44)
**Description of the issue:** In `FuncA`, the code uses a counter `v2` to track the number of claims in the range. However, the counter is not thread-safe, and multiple concurrent transactions may interfere with each other's counts. This can lead to inconsistent results and potential data corruption.
**Recommended fix:** Use a thread-safe data structure, such as a mutex or an atomic counter, to ensure that the counter is updated correctly in a concurrent environment.

10. **Vulnerability type:** Non-deterministic operations
**Severity:** Medium
**Affected code location:** `FuncB` (line 71-74)
**Description of the issue:** In `FuncB`, the code uses a counter `v2` to track the number of claims in the range. However, the counter is not thread-safe, and multiple concurrent transactions may interfere with each other's counts. This can lead to inconsistent results and potential data corruption.
**Recommended fix:** Use a thread-safe data structure, such as a mutex or an atomic counter, to ensure that the counter is updated correctly in a concurrent environment.

11. **Vulnerability type:** Non-deterministic operations
**Severity:** Medium
**Affected code location:** `FuncC` (line 101-104)
**Description of the issue:** In `FuncC`, the code uses a counter `v6` to track the number of closed claims. However, the counter is not thread-safe, and multiple concurrent transactions may interfere with each other's counts. This can lead to inconsistent results and potential data corruption.
**Recommended fix:** Use a thread-safe data structure, such as a mutex or an atomic counter, to ensure that the counter is updated correctly in a concurrent environment.

12. **Vulnerability type:** Insecure key management
**Severity:** Low
**Affected code location:** `main` (line 5-8)
**Description of the issue:** The chaincode uses the `contractapi.Start` function to start the chaincode. However, this function does not provide any mechanism for securely managing the chaincode's keys. If an attacker can obtain the chaincode's keys, they may be able to access or modify the chaincode's internal state.
**Recommended fix:** Use a secure key management mechanism, such as a Hardware Security Module (HSM) or a secure key store, to manage the chaincode's keys.

13. **Vulnerability type:** Input validation flaws
**Severity:** Low
**Affected code location:** `FuncA` (line 49-52)
**Description of the issue:** In `FuncA`, the code checks if the approver `v13` is not empty, but it does not check if it is within a valid range. If an attacker can provide an invalid approver value, the chaincode may produce inconsistent results or panic.
**Recommended fix:** Add input validation to ensure that the approver value is within a valid range.

14. **Vulnerability type:** Input validation flaws
**Severity:** Low
**Affected code location:** `FuncB` (line 80-83)
**Description of the issue:** In `FuncB`, the code checks if the threshold `v14` is positive, but it does not check if it is within a valid range. If an attacker can provide an invalid threshold value, the chaincode may produce inconsistent results or panic.
**Recommended fix:** Add input validation to ensure that the threshold value is within a valid range.

15. **Vulnerability type:** Input validation flaws
**Severity:** Low
**Affected code location:** `FuncC` (line 109-112)
**Description of the issue:** In `FuncC`, the code checks if the counter `v6` has reached 100, but it does not check if it is within a valid range. If an attacker can provide an invalid counter value, the chaincode may produce inconsistent results or panic.
**Recommended fix:** Add input validation to ensure that the counter value is within a valid range.

Note that these vulnerabilities are not exhaustive, and a thorough security audit should be performed to identify all potential vulnerabilities in the chaincode."
2026-02-09T14:54:16.772684,Meta-Llama-3.1-8B-Instruct-Q4_K_M.gguf,zero_shot,vuln_06_iterator_leak.go,2848,16.229,"After analyzing the provided Go chaincode file 'vuln_06_iterator_leak.go', I have identified the following security vulnerabilities:

1. **Vulnerability type:** Access Control Issue
**Severity:** High
**Affected code location:** `FuncD` (line 83)
**Description of the issue:** The `FuncD` function allows any user to update the state of any asset, regardless of their permissions. This is because it uses `ctx.GetStub().PutState` to update the state of the asset, which does not check the user's permissions.
**Recommended fix:** Use `ctx.GetStub().PutState` with the `ctx.GetStub().GetStateByPartialCompositeKey` function to update the state of the asset, and add a permission check to ensure that only authorized users can update the state.

2. **Vulnerability type:** Input Validation Flaw
**Severity:** Medium
**Affected code location:** `FuncE` (line 124)
**Description of the issue:** The `FuncE` function does not validate the input range `v14` and `v15` before using it to retrieve the state. This could lead to an out-of-bounds error if the input range is invalid.
**Recommended fix:** Add input validation to ensure that the input range is valid before using it to retrieve the state.

3. **Vulnerability type:** Read-after-Write Conflict (Phantom Read)
**Severity:** Medium
**Affected code location:** `FuncE` (line 124)
**Description of the issue:** The `FuncE` function updates the state of the asset while iterating over it, which could lead to a phantom read if the state is updated concurrently.
**Recommended fix:** Use a transaction to ensure that the state is updated atomically, or use a lock to prevent concurrent updates.

4. **Vulnerability type:** Private Data Leakage
**Severity:** Medium
**Affected code location:** `FuncB` (line 34) and `FuncC` (line 54)
**Description of the issue:** The `FuncB` and `FuncC` functions retrieve the state of the asset without checking the user's permissions, which could lead to private data leakage.
**Recommended fix:** Use `ctx.GetStub().GetStateByRange` with the `ctx.GetStub().GetState` function to retrieve the state of the asset, and add a permission check to ensure that only authorized users can retrieve the state.

5. **Vulnerability type:** Non-Deterministic Operations
**Severity:** Medium
**Affected code location:** `FuncE` (line 124)
**Description of the issue:** The `FuncE` function updates the state of the asset in a non-deterministic way, which could lead to inconsistent results.
**Recommended fix:** Use a transaction to ensure that the state is updated atomically, or use a lock to prevent concurrent updates.

6. **Vulnerability type:** Insecure Key Management
**Severity:** Low
**Affected code location:** `main` (line 145)
**Description of the issue:** The `main` function uses `contractapi.NewChaincode` to create a new chaincode instance, but it does not check the user's permissions before starting the chaincode.
**Recommended fix:** Add a permission check to ensure that only authorized users can start the chaincode.

No other vulnerabilities were found in the provided chaincode file."
