timestamp,tool,config,repo,file,file_path_rel,findings_count,consensus_relevant,elapsed_s,findings_detail
2026-02-09T20:21:18.870413,semgrep:auto,auto,2016Nishi,chaincode_example01.go,2016Nishi/chaincode_example01.go,0,0,3.428,NO_FINDINGS
2026-02-09T20:21:22.089853,semgrep:auto,auto,2016Nishi,chaincode_example02.go,2016Nishi/chaincode_example02.go,0,0,3.218,NO_FINDINGS
2026-02-09T20:21:25.037011,semgrep:auto,auto,2016Nishi,chaincode_example03.go,2016Nishi/chaincode_example03.go,0,0,2.947,NO_FINDINGS
2026-02-09T20:21:28.807628,semgrep:auto,auto,2016Nishi,chaincode_example04.go,2016Nishi/chaincode_example04.go,0,0,3.771,NO_FINDINGS
2026-02-09T20:21:31.771936,semgrep:auto,auto,2016Nishi,chaincode_example05.go,2016Nishi/chaincode_example05.go,0,0,2.963,NO_FINDINGS
2026-02-09T20:21:34.915438,semgrep:auto,auto,2016Nishi,configure.go,2016Nishi/configure.go,0,0,3.144,NO_FINDINGS
2026-02-09T20:21:37.980870,semgrep:auto,auto,2016Nishi,endorser_onevalidsignature.go,2016Nishi/endorser_onevalidsignature.go,0,0,3.065,NO_FINDINGS
2026-02-09T20:21:41.004000,semgrep:auto,auto,2016Nishi,eventsender.go,2016Nishi/eventsender.go,0,0,3.023,NO_FINDINGS
2026-02-09T20:21:44.065819,semgrep:auto,auto,2016Nishi,invokereturnsvalue.go,2016Nishi/invokereturnsvalue.go,0,0,3.062,NO_FINDINGS
2026-02-09T20:21:47.166596,semgrep:auto,auto,2016Nishi,marbles_chaincode.go,2016Nishi/marbles_chaincode.go,0,0,3.1,NO_FINDINGS
2026-02-09T20:21:50.403175,semgrep:auto,auto,2016Nishi,passthru.go,2016Nishi/passthru.go,0,0,3.236,NO_FINDINGS
2026-02-09T20:21:53.337703,semgrep:auto,auto,2016Nishi,samplesyscc.go,2016Nishi/samplesyscc.go,0,0,2.935,NO_FINDINGS
2026-02-09T20:21:56.446842,semgrep:auto,auto,2016Nishi,sleeper.go,2016Nishi/sleeper.go,0,0,3.109,NO_FINDINGS
2026-02-09T20:21:59.575441,semgrep:auto,auto,2016Nishi,validator_onevalidsignature.go,2016Nishi/validator_onevalidsignature.go,0,0,3.129,NO_FINDINGS
2026-02-09T20:22:02.459259,semgrep:auto,auto,abegpatel,chaincode.go,abegpatel/chaincode.go,0,0,2.884,NO_FINDINGS
2026-02-09T20:22:05.572486,semgrep:auto,auto,abegpatel,chaincode_sample.go,abegpatel/chaincode_sample.go,0,0,3.113,NO_FINDINGS
2026-02-09T20:22:08.362948,semgrep:auto,auto,abegpatel,map.go,abegpatel/map.go,0,0,2.789,NO_FINDINGS
2026-02-09T20:22:11.449381,semgrep:auto,auto,abegpatel,map_private.go,abegpatel/map_private.go,0,0,3.086,NO_FINDINGS
2026-02-09T20:22:14.281537,semgrep:auto,auto,abegpatel,mapkeys.go,abegpatel/mapkeys.go,0,0,2.832,NO_FINDINGS
2026-02-09T20:22:17.136613,semgrep:auto,auto,abegpatel,marbles_chaincode.go,abegpatel/marbles_chaincode.go,0,0,2.854,NO_FINDINGS
2026-02-09T20:22:20.246796,semgrep:auto,auto,abegpatel,marbles_chaincode_private.go,abegpatel/marbles_chaincode_private.go,0,0,3.11,NO_FINDINGS
2026-02-09T20:22:23.012011,semgrep:auto,auto,abgulati,JSON_CRUD_Chaincode.go,abgulati/JSON_CRUD_Chaincode.go,0,0,2.765,NO_FINDINGS
2026-02-09T20:22:26.032035,semgrep:auto,auto,acloudfan,calc.go,acloudfan/calc.go,0,0,3.019,NO_FINDINGS
2026-02-09T20:22:28.863504,semgrep:auto,auto,acloudfan,caller.go,acloudfan/caller.go,0,0,2.831,NO_FINDINGS
2026-02-09T20:22:31.899985,semgrep:auto,auto,acloudfan,chaincode_example02.go,acloudfan/chaincode_example02.go,0,0,3.036,NO_FINDINGS
2026-02-09T20:22:34.768287,semgrep:auto,auto,acloudfan,erc20.go,acloudfan/erc20.go,0,0,2.868,NO_FINDINGS
2026-02-09T20:22:37.818701,semgrep:auto,auto,acloudfan,priv.go,acloudfan/priv.go,0,0,3.05,NO_FINDINGS
2026-02-09T20:22:40.660474,semgrep:auto,auto,acloudfan,qry.go,acloudfan/qry.go,0,0,2.842,NO_FINDINGS
2026-02-09T20:22:43.543535,semgrep:auto,auto,acloudfan,token.go,acloudfan/token.go,0,0,2.883,NO_FINDINGS
2026-02-09T20:22:46.415550,semgrep:auto,auto,adityachap,example_cc.go,adityachap/example_cc.go,0,0,2.872,NO_FINDINGS
2026-02-09T20:22:49.561205,semgrep:auto,auto,adnanjee,GoChaincodeTemplate.go,adnanjee/GoChaincodeTemplate.go,0,0,3.146,NO_FINDINGS
2026-02-09T20:22:52.365824,semgrep:auto,auto,airvin,chaincode_example02.go,airvin/chaincode_example02.go,0,0,2.804,NO_FINDINGS
2026-02-09T20:22:55.453830,semgrep:auto,auto,airvin,sacc.go,airvin/sacc.go,0,0,3.087,NO_FINDINGS
2026-02-09T20:22:58.302367,semgrep:auto,auto,Akachain,main.go,Akachain/main.go,0,0,2.849,NO_FINDINGS
2026-02-09T20:23:01.397850,semgrep:auto,auto,akkagao,citizensChain.go,akkagao/citizensChain.go,0,0,3.095,NO_FINDINGS
2026-02-09T20:23:04.499668,semgrep:auto,auto,akm4,Person.go,akm4/Person.go,0,0,3.102,NO_FINDINGS
2026-02-09T20:23:07.380101,semgrep:auto,auto,akm4,Shop.go,akm4/Shop.go,0,0,2.88,NO_FINDINGS
2026-02-09T20:23:10.247629,semgrep:auto,auto,akshay111meher,ex2.go,akshay111meher/ex2.go,0,0,2.868,NO_FINDINGS
2026-02-09T20:23:13.318943,semgrep:auto,auto,akshay111meher,myexample.go,akshay111meher/myexample.go,0,0,3.07,NO_FINDINGS
2026-02-09T20:23:16.110715,semgrep:auto,auto,alejandrolr,arm.go,alejandrolr/arm.go,0,0,2.792,NO_FINDINGS
2026-02-09T20:23:19.252927,semgrep:auto,auto,alejandrolr,lab.go,alejandrolr/lab.go,0,0,3.142,NO_FINDINGS
2026-02-09T20:23:22.138521,semgrep:auto,auto,alejandrolr,supplyChain.go,alejandrolr/supplyChain.go,0,0,2.886,NO_FINDINGS
2026-02-09T20:23:24.966934,semgrep:auto,auto,alejoacosta74,abac.go,alejoacosta74/abac.go,0,0,2.828,NO_FINDINGS
2026-02-09T20:23:27.786816,semgrep:auto,auto,alejoacosta74,chaincode_example02.go,alejoacosta74/chaincode_example02.go,0,0,2.82,NO_FINDINGS
2026-02-09T20:23:30.623262,semgrep:auto,auto,alejoacosta74,marbles_chaincode.go,alejoacosta74/marbles_chaincode.go,0,0,2.836,NO_FINDINGS
2026-02-09T20:23:33.632050,semgrep:auto,auto,alejoacosta74,sacc.go,alejoacosta74/sacc.go,0,0,3.009,NO_FINDINGS
2026-02-09T20:23:36.488494,semgrep:auto,auto,alext234,main.go,alext234/main.go,0,0,2.855,NO_FINDINGS
2026-02-09T20:23:39.327668,semgrep:auto,auto,allan-zhou,fabcar.go,allan-zhou/fabcar.go,0,0,2.839,NO_FINDINGS
2026-02-09T20:23:42.232534,semgrep:auto,auto,allan-zhou,marble.go,allan-zhou/marble.go,0,0,2.905,NO_FINDINGS
2026-02-09T20:23:45.074585,semgrep:auto,auto,allan-zhou,mysacc.go,allan-zhou/mysacc.go,0,0,2.841,NO_FINDINGS
2026-02-09T20:23:48.023153,semgrep:auto,auto,allan-zhou,template.go,allan-zhou/template.go,0,0,2.949,NO_FINDINGS
2026-02-09T20:23:51.008905,semgrep:auto,auto,allan-zhou,transfer.go,allan-zhou/transfer.go,0,0,2.986,NO_FINDINGS
2026-02-09T20:23:53.936133,semgrep:auto,auto,Amit9887,marble.go,Amit9887/marble.go,0,0,2.927,NO_FINDINGS
2026-02-09T20:23:56.903843,semgrep:auto,auto,amtoaer,main.go,amtoaer/main.go,0,0,2.968,NO_FINDINGS
2026-02-09T20:23:59.910358,semgrep:auto,auto,anallr,chaincode_example02.go,anallr/chaincode_example02.go,0,0,3.006,NO_FINDINGS
2026-02-09T20:24:03.155776,semgrep:auto,auto,andres07a,sacc.go,andres07a/sacc.go,0,0,3.245,NO_FINDINGS
2026-02-09T20:24:10.109616,semgrep:auto,auto,ankitaunhalkar,first_chaincode.go,ankitaunhalkar/first_chaincode.go,0,0,6.954,NO_FINDINGS
2026-02-09T20:24:13.218536,semgrep:auto,auto,ankitaunhalkar,tradefinance_chaincode.go,ankitaunhalkar/tradefinance_chaincode.go,0,0,3.108,NO_FINDINGS
2026-02-09T20:24:16.351267,semgrep:auto,auto,Anylsite,DeviceManager.go,Anylsite/DeviceManager.go,0,0,3.133,NO_FINDINGS
2026-02-09T20:24:19.485965,semgrep:auto,auto,anzalbeg,abac.go,anzalbeg/abac.go,0,0,3.135,NO_FINDINGS
2026-02-09T20:24:22.369585,semgrep:auto,auto,anzalbeg,chaincode_example02.go,anzalbeg/chaincode_example02.go,0,0,2.884,NO_FINDINGS
2026-02-09T20:24:25.188839,semgrep:auto,auto,anzalbeg,fabcar.go,anzalbeg/fabcar.go,0,0,2.819,NO_FINDINGS
2026-02-09T20:24:28.101802,semgrep:auto,auto,anzalbeg,marbles_chaincode.go,anzalbeg/marbles_chaincode.go,0,0,2.913,NO_FINDINGS
2026-02-09T20:24:31.208020,semgrep:auto,auto,anzalbeg,sacc.go,anzalbeg/sacc.go,0,0,3.106,NO_FINDINGS
2026-02-09T20:24:34.052189,semgrep:auto,auto,AProkot,mycontract.go,AProkot/mycontract.go,0,0,2.844,NO_FINDINGS
2026-02-09T20:24:37.204606,semgrep:auto,auto,arslanali9797,firstchaincode.go,arslanali9797/firstchaincode.go,0,0,3.152,NO_FINDINGS
2026-02-09T20:24:40.364097,semgrep:auto,auto,arslanali9797,secondchaincode.go,arslanali9797/secondchaincode.go,0,0,3.159,NO_FINDINGS
2026-02-09T20:24:43.545523,semgrep:auto,auto,arsulegai,key_value.go,arsulegai/key_value.go,0,0,3.181,NO_FINDINGS
2026-02-09T20:24:46.674394,semgrep:auto,auto,arthurmsouza,boleto.go,arthurmsouza/boleto.go,0,0,3.129,NO_FINDINGS
2026-02-09T20:24:49.837562,semgrep:auto,auto,asararatnakar,chaincode_example02.go,asararatnakar/chaincode_example02.go,0,0,3.163,NO_FINDINGS
2026-02-09T20:24:52.905507,semgrep:auto,auto,asararatnakar,newkeyperinvoke.go,asararatnakar/newkeyperinvoke.go,0,0,3.067,NO_FINDINGS
2026-02-09T20:24:56.032524,semgrep:auto,auto,aschmidt75,pcs.go,aschmidt75/pcs.go,0,0,3.127,NO_FINDINGS
2026-02-09T20:24:59.132860,semgrep:auto,auto,ashokcin1,main.go,ashokcin1/main.go,0,0,3.1,NO_FINDINGS
2026-02-09T20:25:01.991944,semgrep:auto,auto,ashwanihlf,samplecc.go,ashwanihlf/samplecc.go,0,0,2.859,NO_FINDINGS
2026-02-09T20:25:05.026542,semgrep:auto,auto,ASomething,eventsender.go,ASomething/eventsender.go,0,0,3.035,NO_FINDINGS
2026-02-09T20:25:08.650327,semgrep:auto,auto,austinfifield,main.go,austinfifield/main.go,0,0,3.624,NO_FINDINGS
2026-02-09T20:25:11.494146,semgrep:auto,auto,Avery7Li,chaincode.go,Avery7Li/chaincode.go,0,0,2.844,NO_FINDINGS
2026-02-09T20:25:14.331064,semgrep:auto,auto,BadBaman,marbles_chaincode.go,BadBaman/marbles_chaincode.go,0,0,2.837,NO_FINDINGS
2026-02-09T20:25:17.324418,semgrep:auto,auto,BadBaman,odschaincode.go,BadBaman/odschaincode.go,0,0,2.993,NO_FINDINGS
2026-02-09T20:25:20.416388,semgrep:auto,auto,bairathirahul,genesiskyc.go,bairathirahul/genesiskyc.go,0,0,3.092,NO_FINDINGS
2026-02-09T20:25:23.627722,semgrep:auto,auto,BCEvanFang,abac.go,BCEvanFang/abac.go,0,0,3.211,NO_FINDINGS
2026-02-09T20:25:26.496719,semgrep:auto,auto,BCEvanFang,chaincode_example02.go,BCEvanFang/chaincode_example02.go,0,0,2.867,NO_FINDINGS
2026-02-09T20:25:29.366624,semgrep:auto,auto,BCEvanFang,fabcar.go,BCEvanFang/fabcar.go,0,0,2.868,NO_FINDINGS
2026-02-09T20:25:32.407770,semgrep:auto,auto,BCEvanFang,marbles_chaincode.go,BCEvanFang/marbles_chaincode.go,0,0,3.041,NO_FINDINGS
2026-02-09T20:25:35.195542,semgrep:auto,auto,BCEvanFang,marbles_chaincode_private.go,BCEvanFang/marbles_chaincode_private.go,0,0,2.788,NO_FINDINGS
2026-02-09T20:25:37.985658,semgrep:auto,auto,BCEvanFang,sacc.go,BCEvanFang/sacc.go,0,0,2.79,NO_FINDINGS
2026-02-09T20:25:40.766617,semgrep:auto,auto,BCEvanFang,simpleasset.go,BCEvanFang/simpleasset.go,0,0,2.78,NO_FINDINGS
2026-02-09T20:25:43.748699,semgrep:auto,auto,bcken001a,chaincode2.go,bcken001a/chaincode2.go,0,0,2.982,NO_FINDINGS
2026-02-09T20:25:46.992017,semgrep:auto,auto,bezant-developers,simpleChaincode.go,bezant-developers/simpleChaincode.go,0,0,3.243,NO_FINDINGS
2026-02-09T20:25:50.042383,semgrep:auto,auto,bgaughran,abac.go,bgaughran/abac.go,0,0,3.05,NO_FINDINGS
2026-02-09T20:25:53.130340,semgrep:auto,auto,bgaughran,chaincode_example02.go,bgaughran/chaincode_example02.go,0,0,3.087,NO_FINDINGS
2026-02-09T20:25:56.264213,semgrep:auto,auto,bgaughran,fabcar.go,bgaughran/fabcar.go,0,0,3.134,NO_FINDINGS
2026-02-09T20:25:59.399768,semgrep:auto,auto,bgaughran,marbles_chaincode.go,bgaughran/marbles_chaincode.go,0,0,3.136,NO_FINDINGS
2026-02-09T20:26:02.233784,semgrep:auto,auto,bgaughran,marbles_chaincode_private.go,bgaughran/marbles_chaincode_private.go,0,0,2.834,NO_FINDINGS
2026-02-09T20:26:05.128355,semgrep:auto,auto,bgaughran,sacc.go,bgaughran/sacc.go,0,0,2.895,NO_FINDINGS
2026-02-09T20:26:08.000155,semgrep:auto,auto,bhagyanik,BR31A1.go,bhagyanik/BR31A1.go,0,0,2.871,NO_FINDINGS
2026-02-09T20:26:11.139818,semgrep:auto,auto,bhagyanik,DWPB.go,bhagyanik/DWPB.go,0,0,3.14,NO_FINDINGS
2026-02-09T20:26:14.319659,semgrep:auto,auto,BingHongLi,chaincode_tutorial.go,BingHongLi/chaincode_tutorial.go,0,0,3.18,NO_FINDINGS
2026-02-09T20:26:17.202447,semgrep:auto,auto,bluezd,certificate.go,bluezd/certificate.go,0,0,2.882,NO_FINDINGS
2026-02-09T20:26:20.121095,semgrep:auto,auto,bluezd,integralTrace.go,bluezd/integralTrace.go,0,0,2.918,NO_FINDINGS
2026-02-09T20:26:23.233147,semgrep:auto,auto,bluezd,marathon.go,bluezd/marathon.go,0,0,3.112,NO_FINDINGS
2026-02-09T20:26:26.028638,semgrep:auto,auto,BOCno1team,chaincode.go,BOCno1team/chaincode.go,0,0,2.794,NO_FINDINGS
2026-02-09T20:26:28.871954,semgrep:auto,auto,boohyung,fabcar.go,boohyung/fabcar.go,0,0,2.843,NO_FINDINGS
2026-02-09T20:26:31.980092,semgrep:auto,auto,boohyung,ping.go,boohyung/ping.go,0,0,3.108,NO_FINDINGS
2026-02-09T20:26:35.153479,semgrep:auto,auto,bugfrog1024,abac.go,bugfrog1024/abac.go,0,0,3.172,NO_FINDINGS
2026-02-09T20:26:37.994259,semgrep:auto,auto,bugfrog1024,bMRP.go,bugfrog1024/bMRP.go,0,0,2.841,NO_FINDINGS
2026-02-09T20:26:41.117484,semgrep:auto,auto,bugfrog1024,chaincode_AtoreAndAccess.go,bugfrog1024/chaincode_AtoreAndAccess.go,0,0,3.122,NO_FINDINGS
2026-02-09T20:26:44.221428,semgrep:auto,auto,bugfrog1024,chaincode_example02.go,bugfrog1024/chaincode_example02.go,0,0,3.104,NO_FINDINGS
2026-02-09T20:26:47.176986,semgrep:auto,auto,bugfrog1024,charity_contract.go,bugfrog1024/charity_contract.go,0,0,2.956,NO_FINDINGS
2026-02-09T20:26:50.396672,semgrep:auto,auto,bugfrog1024,fabcar.go,bugfrog1024/fabcar.go,0,0,3.22,NO_FINDINGS
2026-02-09T20:26:53.445694,semgrep:auto,auto,bugfrog1024,main.go,bugfrog1024/main.go,0,0,3.048,NO_FINDINGS
2026-02-09T20:26:56.383249,semgrep:auto,auto,bugfrog1024,marbles.go,bugfrog1024/marbles.go,0,0,2.938,NO_FINDINGS
2026-02-09T20:26:59.219676,semgrep:auto,auto,bugfrog1024,marbles_chaincode.go,bugfrog1024/marbles_chaincode.go,0,0,2.835,NO_FINDINGS
2026-02-09T20:27:02.051635,semgrep:auto,auto,bugfrog1024,marbles_chaincode_private.go,bugfrog1024/marbles_chaincode_private.go,0,0,2.832,NO_FINDINGS
2026-02-09T20:27:04.900537,semgrep:auto,auto,bugfrog1024,sacc.go,bugfrog1024/sacc.go,0,0,2.849,NO_FINDINGS
2026-02-09T20:27:07.754137,semgrep:auto,auto,bugfrog1024,solution.go,bugfrog1024/solution.go,0,0,2.854,NO_FINDINGS
2026-02-09T20:27:10.661171,semgrep:auto,auto,bugfrog1024,test.go,bugfrog1024/test.go,0,0,2.907,NO_FINDINGS
2026-02-09T20:27:13.856445,semgrep:auto,auto,C0rWin,bank.go,C0rWin/bank.go,0,0,3.195,NO_FINDINGS
2026-02-09T20:27:16.678793,semgrep:auto,auto,C0rWin,person.go,C0rWin/person.go,0,0,2.821,NO_FINDINGS
2026-02-09T20:27:19.714632,semgrep:auto,auto,cactusfluo,abac.go,cactusfluo/abac.go,0,0,3.036,NO_FINDINGS
2026-02-09T20:27:22.571941,semgrep:auto,auto,cactusfluo,chaincode_example02.go,cactusfluo/chaincode_example02.go,0,0,2.857,NO_FINDINGS
2026-02-09T20:27:25.623991,semgrep:auto,auto,cactusfluo,fabcar.go,cactusfluo/fabcar.go,0,0,3.052,NO_FINDINGS
2026-02-09T20:27:28.809937,semgrep:auto,auto,cactusfluo,init.go,cactusfluo/init.go,0,0,3.186,NO_FINDINGS
2026-02-09T20:27:33.949768,semgrep:auto,auto,cactusfluo,invoke.go,cactusfluo/invoke.go,0,0,5.14,NO_FINDINGS
2026-02-09T20:27:36.916963,semgrep:auto,auto,cactusfluo,marbles_chaincode.go,cactusfluo/marbles_chaincode.go,0,0,2.967,NO_FINDINGS
2026-02-09T20:27:39.813615,semgrep:auto,auto,cactusfluo,marbles_chaincode_private.go,cactusfluo/marbles_chaincode_private.go,0,0,2.896,NO_FINDINGS
2026-02-09T20:27:42.750572,semgrep:auto,auto,cactusfluo,sacc.go,cactusfluo/sacc.go,0,0,2.937,NO_FINDINGS
2026-02-09T20:27:45.585777,semgrep:auto,auto,CaelRowley,sacc.go,CaelRowley/sacc.go,0,0,2.834,NO_FINDINGS
2026-02-09T20:27:48.535625,semgrep:auto,auto,chainHero,main.go,chainHero/main.go,0,0,2.95,NO_FINDINGS
2026-02-09T20:27:51.616950,semgrep:auto,auto,ChainNova,main.go,ChainNova/main.go,0,0,3.081,NO_FINDINGS
2026-02-09T20:27:54.782258,semgrep:auto,auto,ChaiwatSumrit,users_and_orgs.go,ChaiwatSumrit/users_and_orgs.go,0,0,3.165,NO_FINDINGS
2026-02-09T20:28:02.917033,semgrep:auto,auto,chilanti,asset_chaincode.go,chilanti/asset_chaincode.go,0,0,8.135,NO_FINDINGS
2026-02-09T20:28:06.047360,semgrep:auto,auto,chintanr97,abac.go,chintanr97/abac.go,0,0,3.13,NO_FINDINGS
2026-02-09T20:28:09.135507,semgrep:auto,auto,chintanr97,chaincode_example02.go,chintanr97/chaincode_example02.go,0,0,3.087,NO_FINDINGS
2026-02-09T20:28:12.116820,semgrep:auto,auto,chintanr97,fabcar.go,chintanr97/fabcar.go,0,0,2.981,NO_FINDINGS
2026-02-09T20:28:15.404575,semgrep:auto,auto,chintanr97,marbles_chaincode.go,chintanr97/marbles_chaincode.go,0,0,3.288,NO_FINDINGS
2026-02-09T20:28:18.399733,semgrep:auto,auto,chintanr97,marbles_chaincode_private.go,chintanr97/marbles_chaincode_private.go,0,0,2.995,NO_FINDINGS
2026-02-09T20:28:21.567628,semgrep:auto,auto,chintanr97,sacc.go,chintanr97/sacc.go,0,0,3.168,NO_FINDINGS
2026-02-09T20:28:24.816720,semgrep:auto,auto,chpwssn,redvblue.go,chpwssn/redvblue.go,0,0,3.248,NO_FINDINGS
2026-02-09T20:28:27.687303,semgrep:auto,auto,clydedacruz,simplechaincode.go,clydedacruz/simplechaincode.go,0,0,2.871,NO_FINDINGS
2026-02-09T20:28:30.614328,semgrep:auto,auto,Co-Verify,abac.go,Co-Verify/abac.go,0,0,2.927,NO_FINDINGS
2026-02-09T20:28:33.591781,semgrep:auto,auto,Co-Verify,chaincode_example02.go,Co-Verify/chaincode_example02.go,0,0,2.977,NO_FINDINGS
2026-02-09T20:28:36.788841,semgrep:auto,auto,Co-Verify,fabcar.go,Co-Verify/fabcar.go,0,0,3.196,NO_FINDINGS
2026-02-09T20:28:40.995931,semgrep:auto,auto,Co-Verify,marbles_chaincode.go,Co-Verify/marbles_chaincode.go,0,0,4.207,NO_FINDINGS
2026-02-09T20:28:44.261698,semgrep:auto,auto,Co-Verify,marbles_chaincode_private.go,Co-Verify/marbles_chaincode_private.go,0,0,3.266,NO_FINDINGS
2026-02-09T20:28:47.256599,semgrep:auto,auto,Co-Verify,sacc.go,Co-Verify/sacc.go,0,0,2.995,NO_FINDINGS
2026-02-09T20:28:50.399679,semgrep:auto,auto,code2understand,01_simple_chaincode.go,code2understand/01_simple_chaincode.go,0,0,3.143,NO_FINDINGS
2026-02-09T20:28:53.486925,semgrep:auto,auto,code2understand,02_composite_asset_chaincode.go,code2understand/02_composite_asset_chaincode.go,0,0,3.087,NO_FINDINGS
2026-02-09T20:28:56.557666,semgrep:auto,auto,code2understand,03_range_keys_chaincode.go,code2understand/03_range_keys_chaincode.go,0,0,3.071,NO_FINDINGS
2026-02-09T20:28:59.457566,semgrep:auto,auto,code2understand,04_history_of_keys.go,code2understand/04_history_of_keys.go,0,0,2.9,NO_FINDINGS
2026-02-09T20:29:02.418412,semgrep:auto,auto,code2understand,05_issue_events.go,code2understand/05_issue_events.go,0,0,2.961,NO_FINDINGS
2026-02-09T20:29:05.478640,semgrep:auto,auto,cosmos-sdk-0.43,authorization_grant.go,cosmos-sdk-0.43/authorization_grant.go,0,0,3.06,NO_FINDINGS
2026-02-09T20:29:08.522140,semgrep:auto,auto,cprinyarux,calc.go,cprinyarux/calc.go,0,0,3.044,NO_FINDINGS
2026-02-09T20:29:12.502942,semgrep:auto,auto,cprinyarux,caller.go,cprinyarux/caller.go,0,0,3.981,NO_FINDINGS
2026-02-09T20:29:15.481867,semgrep:auto,auto,cprinyarux,chaincode_example02.go,cprinyarux/chaincode_example02.go,0,0,2.979,NO_FINDINGS
2026-02-09T20:29:18.570596,semgrep:auto,auto,cprinyarux,erc20.go,cprinyarux/erc20.go,0,0,3.088,NO_FINDINGS
2026-02-09T20:29:21.717448,semgrep:auto,auto,cprinyarux,priv.go,cprinyarux/priv.go,0,0,3.147,NO_FINDINGS
2026-02-09T20:29:24.552688,semgrep:auto,auto,cprinyarux,qry.go,cprinyarux/qry.go,0,0,2.835,NO_FINDINGS
2026-02-09T20:29:27.400736,semgrep:auto,auto,cprinyarux,token.go,cprinyarux/token.go,0,0,2.848,NO_FINDINGS
2026-02-09T20:29:30.195616,semgrep:auto,auto,cristiano-andrade,chaincode-test.go,cristiano-andrade/chaincode-test.go,0,0,2.794,NO_FINDINGS
2026-02-09T20:29:32.972083,semgrep:auto,auto,ctacampado,beacon_cmpgns.go,ctacampado/beacon_cmpgns.go,0,0,2.776,NO_FINDINGS
2026-02-09T20:29:35.775924,semgrep:auto,auto,ctacampado,beacon_identity.go,ctacampado/beacon_identity.go,0,0,2.804,NO_FINDINGS
2026-02-09T20:29:38.778976,semgrep:auto,auto,ctacampado,beacon_transact.go,ctacampado/beacon_transact.go,0,0,3.003,NO_FINDINGS
2026-02-09T20:29:41.747001,semgrep:auto,auto,dachrillz,chaincode.go,dachrillz/chaincode.go,0,0,2.967,NO_FINDINGS
2026-02-09T20:29:44.910438,semgrep:auto,auto,DappCampus,chaincode.go,DappCampus/chaincode.go,0,0,3.163,NO_FINDINGS
2026-02-09T20:29:48.019343,semgrep:auto,auto,DappCampus,controller.go,DappCampus/controller.go,0,0,3.109,NO_FINDINGS
2026-02-09T20:29:51.156881,semgrep:auto,auto,daveyMedvedev,main.go,daveyMedvedev/main.go,0,0,3.138,NO_FINDINGS
2026-02-09T20:29:54.060595,semgrep:auto,auto,dbadoy,fabcar.go,dbadoy/fabcar.go,0,0,2.903,NO_FINDINGS
2026-02-09T20:29:56.942794,semgrep:auto,auto,dcbove,chaincode_example02.go,dcbove/chaincode_example02.go,0,0,2.882,NO_FINDINGS
2026-02-09T20:30:00.211442,semgrep:auto,auto,DCoT-EL,dcotWorkflow.go,DCoT-EL/dcotWorkflow.go,0,0,3.268,NO_FINDINGS
2026-02-09T20:30:03.480424,semgrep:auto,auto,debutdeveloper,debut_asset.go,debutdeveloper/debut_asset.go,0,0,3.268,NO_FINDINGS
2026-02-09T20:30:06.817936,semgrep:auto,auto,deevotech,food_supplychain.go,deevotech/food_supplychain.go,0,0,3.338,NO_FINDINGS
2026-02-09T20:30:10.052349,semgrep:auto,auto,deevotech,supplychain.go,deevotech/supplychain.go,0,0,3.233,NO_FINDINGS
2026-02-09T20:30:13.364311,semgrep:auto,auto,deevotech,supplychain_account.go,deevotech/supplychain_account.go,0,0,3.312,NO_FINDINGS
2026-02-09T20:30:16.593952,semgrep:auto,auto,demonsh,example_base.go,demonsh/example_base.go,0,0,3.23,NO_FINDINGS
2026-02-09T20:30:19.747281,semgrep:auto,auto,dempsey-ycr,chaincode_example02.go,dempsey-ycr/chaincode_example02.go,0,0,3.153,NO_FINDINGS
2026-02-09T20:30:23.247865,semgrep:auto,auto,DID-hyperledger,did.go,DID-hyperledger/did.go,0,0,3.501,NO_FINDINGS
2026-02-09T20:30:26.134634,semgrep:auto,auto,einai,main.go,einai/main.go,0,0,2.886,NO_FINDINGS
2026-02-09T20:30:29.096438,semgrep:auto,auto,elciusferreira,accountController.go,elciusferreira/accountController.go,0,0,2.962,NO_FINDINGS
2026-02-09T20:30:32.416230,semgrep:auto,auto,elciusferreira,cardController.go,elciusferreira/cardController.go,0,0,3.32,NO_FINDINGS
2026-02-09T20:30:35.488099,semgrep:auto,auto,elciusferreira,transferController.go,elciusferreira/transferController.go,0,0,3.072,NO_FINDINGS
2026-02-09T20:30:40.813603,semgrep:auto,auto,elite-elf,chaincode_example02.go,elite-elf/chaincode_example02.go,0,0,5.326,NO_FINDINGS
2026-02-09T20:30:43.969934,semgrep:auto,auto,eshita53,abac.go,eshita53/abac.go,0,0,3.156,NO_FINDINGS
2026-02-09T20:30:46.834784,semgrep:auto,auto,eshita53,chaincode_example02.go,eshita53/chaincode_example02.go,0,0,2.864,NO_FINDINGS
2026-02-09T20:30:49.779997,semgrep:auto,auto,eshita53,fabcar.go,eshita53/fabcar.go,0,0,2.945,NO_FINDINGS
2026-02-09T20:30:52.788107,semgrep:auto,auto,eshita53,marbles_chaincode.go,eshita53/marbles_chaincode.go,0,0,3.008,NO_FINDINGS
2026-02-09T20:30:55.937892,semgrep:auto,auto,eshita53,marbles_chaincode_private.go,eshita53/marbles_chaincode_private.go,0,0,3.15,NO_FINDINGS
2026-02-09T20:30:58.752039,semgrep:auto,auto,eshita53,sacc.go,eshita53/sacc.go,0,0,2.814,NO_FINDINGS
2026-02-09T20:31:01.560709,semgrep:auto,auto,EslamHiko,diamonds.go,EslamHiko/diamonds.go,0,0,2.809,NO_FINDINGS
2026-02-09T20:31:04.633364,semgrep:auto,auto,esumit,chaincode.go,esumit/chaincode.go,0,0,3.073,NO_FINDINGS
2026-02-09T20:31:07.377625,semgrep:auto,auto,evgenhvost,demo_chaincode.go,evgenhvost/demo_chaincode.go,0,0,2.743,NO_FINDINGS
2026-02-09T20:31:10.505942,semgrep:auto,auto,ewerter,customerloyalty.go,ewerter/customerloyalty.go,0,0,3.128,NO_FINDINGS
2026-02-09T20:31:13.596583,semgrep:auto,auto,farmerrrrr,asset management.go,farmerrrrr/asset management.go,0,0,3.089,NO_FINDINGS
2026-02-09T20:31:16.395729,semgrep:auto,auto,Featasy,ml.go,Featasy/ml.go,0,0,2.799,NO_FINDINGS
2026-02-09T20:31:19.252138,semgrep:auto,auto,FeiyangTan,main.go,FeiyangTan/main.go,0,0,2.856,NO_FINDINGS
2026-02-09T20:31:22.381488,semgrep:auto,auto,femiadewumi,diamonds.go,femiadewumi/diamonds.go,0,0,3.129,NO_FINDINGS
2026-02-09T20:31:25.193421,semgrep:auto,auto,ferrygun,smartbulb.go,ferrygun/smartbulb.go,0,0,2.812,NO_FINDINGS
2026-02-09T20:31:28.354408,semgrep:auto,auto,Ferwoo,EvidenceChaincode.go,Ferwoo/EvidenceChaincode.go,0,0,3.16,NO_FINDINGS
2026-02-09T20:31:31.380752,semgrep:auto,auto,Ferwoo,finance.go,Ferwoo/finance.go,0,0,3.026,NO_FINDINGS
2026-02-09T20:31:34.653322,semgrep:auto,auto,fishmc,certification.go,fishmc/certification.go,0,0,3.273,NO_FINDINGS
2026-02-09T20:31:37.830285,semgrep:auto,auto,fishmc,contract.go,fishmc/contract.go,0,0,3.177,NO_FINDINGS
2026-02-09T20:31:40.751624,semgrep:auto,auto,fishmc,test.go,fishmc/test.go,0,0,2.921,NO_FINDINGS
2026-02-09T20:31:43.569521,semgrep:auto,auto,fishmc,transcation.go,fishmc/transcation.go,0,0,2.818,NO_FINDINGS
2026-02-09T20:31:46.371978,semgrep:auto,auto,FLombardi-PhD,governance.go,FLombardi-PhD/governance.go,0,0,2.802,NO_FINDINGS
2026-02-09T20:31:49.024242,semgrep:auto,auto,FLombardi-PhD,key_value_store.go,FLombardi-PhD/key_value_store.go,0,0,2.652,NO_FINDINGS
2026-02-09T20:31:51.694740,semgrep:auto,auto,FLombardi-PhD,yandex_translator.go,FLombardi-PhD/yandex_translator.go,0,0,2.67,NO_FINDINGS
2026-02-09T20:31:54.650203,semgrep:auto,auto,flybirdC,contract.go,flybirdC/contract.go,0,0,2.955,NO_FINDINGS
2026-02-09T20:31:57.508320,semgrep:auto,auto,fourbroad,chaincode.go,fourbroad/chaincode.go,0,0,2.858,NO_FINDINGS
2026-02-09T20:32:00.356992,semgrep:auto,auto,fourbroad,chaincode_example01.go,fourbroad/chaincode_example01.go,0,0,2.849,NO_FINDINGS
2026-02-09T20:32:05.305781,semgrep:auto,auto,fourbroad,chaincode_example02.go,fourbroad/chaincode_example02.go,0,0,4.949,NO_FINDINGS
2026-02-09T20:32:08.270718,semgrep:auto,auto,fourbroad,chaincode_example03.go,fourbroad/chaincode_example03.go,0,0,2.964,NO_FINDINGS
2026-02-09T20:32:10.964694,semgrep:auto,auto,fourbroad,chaincode_example04.go,fourbroad/chaincode_example04.go,0,0,2.694,NO_FINDINGS
2026-02-09T20:32:13.772198,semgrep:auto,auto,fourbroad,chaincode_example05.go,fourbroad/chaincode_example05.go,0,0,2.808,NO_FINDINGS
2026-02-09T20:32:16.915973,semgrep:auto,auto,fourbroad,eventsender.go,fourbroad/eventsender.go,0,0,3.144,NO_FINDINGS
2026-02-09T20:32:20.560547,semgrep:auto,auto,fourbroad,invokereturnsvalue.go,fourbroad/invokereturnsvalue.go,0,0,3.645,NO_FINDINGS
2026-02-09T20:32:23.572500,semgrep:auto,auto,fourbroad,map.go,fourbroad/map.go,0,0,3.012,NO_FINDINGS
2026-02-09T20:32:26.317562,semgrep:auto,auto,fourbroad,marbles_chaincode.go,fourbroad/marbles_chaincode.go,0,0,2.745,NO_FINDINGS
2026-02-09T20:32:29.152282,semgrep:auto,auto,fourbroad,passthru.go,fourbroad/passthru.go,0,0,2.835,NO_FINDINGS
2026-02-09T20:32:31.937230,semgrep:auto,auto,fourbroad,sleeper.go,fourbroad/sleeper.go,0,0,2.785,NO_FINDINGS
2026-02-09T20:32:34.638550,semgrep:auto,auto,freya-zhang,example_cc.go,freya-zhang/example_cc.go,0,0,2.701,NO_FINDINGS
2026-02-09T20:32:37.654506,semgrep:auto,auto,FuradWho,sacc.go,FuradWho/sacc.go,0,0,3.016,NO_FINDINGS
2026-02-09T20:32:40.745927,semgrep:auto,auto,FuradWho,spm.go,FuradWho/spm.go,0,0,3.091,NO_FINDINGS
2026-02-09T20:32:43.460846,semgrep:auto,auto,fushui-Fang,lyan.go,fushui-Fang/lyan.go,0,0,2.713,NO_FINDINGS
2026-02-09T20:32:46.439614,semgrep:auto,auto,Gela-Gunp,nekochain.go,Gela-Gunp/nekochain.go,0,0,2.979,NO_FINDINGS
2026-02-09T20:32:49.149235,semgrep:auto,auto,georgkoester,blacklist_chaincode.go,georgkoester/blacklist_chaincode.go,0,0,2.709,NO_FINDINGS
2026-02-09T20:32:51.894414,semgrep:auto,auto,ggdranzor,chaincode_example02.go,ggdranzor/chaincode_example02.go,0,0,2.745,NO_FINDINGS
2026-02-09T20:32:54.785880,semgrep:auto,auto,giou-k,votingAllinOne.go,giou-k/votingAllinOne.go,0,0,2.89,NO_FINDINGS
2026-02-09T20:32:57.551312,semgrep:auto,auto,global-blockchain,simplechaincode.go,global-blockchain/simplechaincode.go,0,0,2.765,NO_FINDINGS
2026-02-09T20:33:00.496148,semgrep:auto,auto,gorbunovperm,optimum.go,gorbunovperm/optimum.go,0,0,2.945,NO_FINDINGS
2026-02-09T20:33:03.521367,semgrep:auto,auto,grishawh,new.go,grishawh/new.go,0,0,3.025,NO_FINDINGS
2026-02-09T20:33:06.292189,semgrep:auto,auto,gymgle,diploma.go,gymgle/diploma.go,0,0,2.771,NO_FINDINGS
2026-02-09T20:33:09.087653,semgrep:auto,auto,harishtreddy,wabco.go,harishtreddy/wabco.go,0,0,2.795,NO_FINDINGS
2026-02-09T20:33:11.885711,semgrep:auto,auto,haydencoinprima,wallet_chaincode.go,haydencoinprima/wallet_chaincode.go,0,0,2.798,NO_FINDINGS
2026-02-09T20:33:14.820619,semgrep:auto,auto,heixiongTT,simple.go,heixiongTT/simple.go,0,0,2.935,NO_FINDINGS
2026-02-09T20:33:18.122326,semgrep:auto,auto,hhllii,trading.go,hhllii/trading.go,0,0,3.302,NO_FINDINGS
2026-02-09T20:33:20.997252,semgrep:auto,auto,higyigma,hashChainCode.go,higyigma/hashChainCode.go,0,0,2.874,NO_FINDINGS
2026-02-09T20:33:24.177326,semgrep:auto,auto,hisham-sameeh,diamonds.go,hisham-sameeh/diamonds.go,0,0,3.18,NO_FINDINGS
2026-02-09T20:33:26.866749,semgrep:auto,auto,hlf-go,chaincode.go,hlf-go/chaincode.go,0,0,2.689,NO_FINDINGS
2026-02-09T20:33:29.618141,semgrep:auto,auto,hoke58,vendorpdc.go,hoke58/vendorpdc.go,0,0,2.751,NO_FINDINGS
2026-02-09T20:33:36.388417,semgrep:auto,auto,hqiwui,chaincode_example02.go,hqiwui/chaincode_example02.go,0,0,6.77,NO_FINDINGS
2026-02-09T20:33:39.281008,semgrep:auto,auto,hqiwui,demo.go,hqiwui/demo.go,0,0,2.893,NO_FINDINGS
2026-02-09T20:33:42.138708,semgrep:auto,auto,Hulkbero,diamonds.go,Hulkbero/diamonds.go,0,0,2.858,NO_FINDINGS
2026-02-09T20:33:45.299941,semgrep:auto,auto,hungryMob,sendEvent.go,hungryMob/sendEvent.go,0,0,3.161,NO_FINDINGS
2026-02-09T20:33:48.554076,semgrep:auto,auto,hyperledgendary,wasm_contract.go,hyperledgendary/wasm_contract.go,0,0,3.254,NO_FINDINGS
2026-02-09T20:33:51.494880,semgrep:auto,auto,hysn19,sacc.go,hysn19/sacc.go,0,0,2.941,NO_FINDINGS
2026-02-09T20:33:54.469680,semgrep:auto,auto,ianco,cc.go,ianco/cc.go,0,0,2.975,NO_FINDINGS
2026-02-09T20:33:57.428927,semgrep:auto,auto,IBM-Blockchain-Edu-Credit,opp_chaincode.go,IBM-Blockchain-Edu-Credit/opp_chaincode.go,0,0,2.959,NO_FINDINGS
2026-02-09T20:34:00.298269,semgrep:auto,auto,IBM-Blockchain-Edu-Credit,voucher_cc.go,IBM-Blockchain-Edu-Credit/voucher_cc.go,0,0,2.869,NO_FINDINGS
2026-02-09T20:34:03.193171,semgrep:auto,auto,IBM-Blockchain-Starter-Kit,asset_chaincode.go,IBM-Blockchain-Starter-Kit/asset_chaincode.go,0,0,2.895,NO_FINDINGS
2026-02-09T20:34:06.332609,semgrep:auto,auto,idowuakinde,diamonds copy.go,idowuakinde/diamonds copy.go,0,0,3.139,NO_FINDINGS
2026-02-09T20:34:09.547870,semgrep:auto,auto,idowuakinde,diamonds.go,idowuakinde/diamonds.go,0,0,3.215,NO_FINDINGS
2026-02-09T20:34:12.462900,semgrep:auto,auto,imineev,carTrace.go,imineev/carTrace.go,0,0,2.915,NO_FINDINGS
2026-02-09T20:34:16.228610,semgrep:auto,auto,imran-iitp,abac.go,imran-iitp/abac.go,0,0,3.766,NO_FINDINGS
2026-02-09T20:34:19.995900,semgrep:auto,auto,imran-iitp,chaincode.go,imran-iitp/chaincode.go,0,0,3.767,NO_FINDINGS
2026-02-09T20:34:24.033445,semgrep:auto,auto,imran-iitp,high-throughput.go,imran-iitp/high-throughput.go,0,0,4.038,NO_FINDINGS
2026-02-09T20:34:27.096189,semgrep:auto,auto,imran-iitp,marbles_chaincode.go,imran-iitp/marbles_chaincode.go,0,0,3.063,NO_FINDINGS
2026-02-09T20:34:30.313054,semgrep:auto,auto,imran-iitp,sacc.go,imran-iitp/sacc.go,0,0,3.217,NO_FINDINGS
2026-02-09T20:34:33.859796,semgrep:auto,auto,inotnako,main.go,inotnako/main.go,0,0,3.547,NO_FINDINGS
2026-02-09T20:34:36.918507,semgrep:auto,auto,isheejong,carTrace.go,isheejong/carTrace.go,0,0,3.059,NO_FINDINGS
2026-02-09T20:34:40.147901,semgrep:auto,auto,isheejong,m2o.go,isheejong/m2o.go,0,0,3.229,NO_FINDINGS
2026-02-09T20:34:43.038635,semgrep:auto,auto,islamenshawy,diamonds.go,islamenshawy/diamonds.go,0,0,2.891,NO_FINDINGS
2026-02-09T20:34:45.980059,semgrep:auto,auto,issbgkh,store.go,issbgkh/store.go,0,0,2.94,NO_FINDINGS
2026-02-09T20:34:49.201753,semgrep:auto,auto,ivaylopivanov,storage.go,ivaylopivanov/storage.go,0,0,3.222,NO_FINDINGS
2026-02-09T20:34:52.459542,semgrep:auto,auto,ivaylopivanov,wallet.go,ivaylopivanov/wallet.go,0,0,3.258,NO_FINDINGS
2026-02-09T20:34:56.779201,semgrep:auto,auto,jakeeqsb,kwo-rec.go,jakeeqsb/kwo-rec.go,0,0,4.32,NO_FINDINGS
2026-02-09T20:34:59.894299,semgrep:auto,auto,james3443112,chaincode.go,james3443112/chaincode.go,0,0,3.115,NO_FINDINGS
2026-02-09T20:35:03.277108,semgrep:auto,auto,JasonCrash,example_cc.go,JasonCrash/example_cc.go,0,0,3.383,NO_FINDINGS
2026-02-09T20:35:06.894253,semgrep:auto,auto,jasonren0403,_useless.go,jasonren0403/_useless.go,0,0,3.617,NO_FINDINGS
2026-02-09T20:35:09.900498,semgrep:auto,auto,jasonren0403,operations.go,jasonren0403/operations.go,0,0,3.006,NO_FINDINGS
2026-02-09T20:35:12.853076,semgrep:auto,auto,jastisriradheshyam,custom.go,jastisriradheshyam/custom.go,0,0,2.953,NO_FINDINGS
2026-02-09T20:35:16.036648,semgrep:auto,auto,jbibodi,Invoice.go,jbibodi/Invoice.go,0,0,3.184,NO_FINDINGS
2026-02-09T20:35:19.527683,semgrep:auto,auto,JcobCN,sacc.go,JcobCN/sacc.go,0,0,3.491,NO_FINDINGS
2026-02-09T20:35:22.617571,semgrep:auto,auto,jganobsik,chaincode.go,jganobsik/chaincode.go,0,0,3.09,NO_FINDINGS
2026-02-09T20:35:25.767975,semgrep:auto,auto,jiameng15,hkzgcc.go,jiameng15/hkzgcc.go,0,0,3.149,NO_FINDINGS
2026-02-09T20:35:28.558031,semgrep:auto,auto,jinjiaKarl,edu.go,jinjiaKarl/edu.go,0,0,2.79,NO_FINDINGS
2026-02-09T20:35:31.674742,semgrep:auto,auto,jinjiaKarl,energyCommunity.go,jinjiaKarl/energyCommunity.go,0,0,3.116,NO_FINDINGS
2026-02-09T20:35:34.692843,semgrep:auto,auto,jinjiaKarl,token.go,jinjiaKarl/token.go,0,0,3.018,NO_FINDINGS
2026-02-09T20:35:37.509155,semgrep:auto,auto,jinjiaKarl,vote.go,jinjiaKarl/vote.go,0,0,2.815,NO_FINDINGS
2026-02-09T20:35:40.664049,semgrep:auto,auto,jinnyjinnyjinjin-zz,chaincode_example02.go,jinnyjinnyjinjin-zz/chaincode_example02.go,0,0,3.155,NO_FINDINGS
2026-02-09T20:35:43.531449,semgrep:auto,auto,JiSeungGu,chaincode.go,JiSeungGu/chaincode.go,0,0,2.866,NO_FINDINGS
2026-02-09T20:35:46.675789,semgrep:auto,auto,JohnnyKuo99,basic.go,JohnnyKuo99/basic.go,0,0,3.143,NO_FINDINGS
2026-02-09T20:35:49.489295,semgrep:auto,auto,JohnnyKuo99,fabcar.go,JohnnyKuo99/fabcar.go,0,0,2.814,NO_FINDINGS
2026-02-09T20:35:52.614724,semgrep:auto,auto,JohnnyKuo99,marbles_chaincode.go,JohnnyKuo99/marbles_chaincode.go,0,0,3.125,NO_FINDINGS
2026-02-09T20:35:55.688770,semgrep:auto,auto,jonyjones96,chaincode_example02.go,jonyjones96/chaincode_example02.go,0,0,3.074,NO_FINDINGS
2026-02-09T20:35:58.848774,semgrep:auto,auto,jonyjones96,fabcar.go,jonyjones96/fabcar.go,0,0,3.16,NO_FINDINGS
2026-02-09T20:36:01.801834,semgrep:auto,auto,jonyjones96,fyp.go,jonyjones96/fyp.go,0,0,2.953,NO_FINDINGS
2026-02-09T20:36:04.936515,semgrep:auto,auto,jonyjones96,marbles_chaincode.go,jonyjones96/marbles_chaincode.go,0,0,3.135,NO_FINDINGS
2026-02-09T20:36:07.905980,semgrep:auto,auto,jonyjones96,sacc.go,jonyjones96/sacc.go,0,0,2.969,NO_FINDINGS
2026-02-09T20:36:10.863978,semgrep:auto,auto,joseprados,ReadingAsset.go,joseprados/ReadingAsset.go,0,0,2.958,NO_FINDINGS
2026-02-09T20:36:13.583495,semgrep:auto,auto,juniorug,abac.go,juniorug/abac.go,0,0,2.72,NO_FINDINGS
2026-02-09T20:36:16.363527,semgrep:auto,auto,juniorug,abstore.go,juniorug/abstore.go,0,0,2.779,NO_FINDINGS
2026-02-09T20:36:19.390021,semgrep:auto,auto,juniorug,audit.go,juniorug/audit.go,0,0,3.025,NO_FINDINGS
2026-02-09T20:36:22.124310,semgrep:auto,auto,juniorug,chaincode.go,juniorug/chaincode.go,0,0,2.734,NO_FINDINGS
2026-02-09T20:36:24.790640,semgrep:auto,auto,juniorug,foodSCM.go,juniorug/foodSCM.go,0,0,2.666,NO_FINDINGS
2026-02-09T20:36:27.600206,semgrep:auto,auto,juniorug,high-throughput.go,juniorug/high-throughput.go,0,0,2.81,NO_FINDINGS
2026-02-09T20:36:30.393283,semgrep:auto,auto,juniorug,marbles_chaincode.go,juniorug/marbles_chaincode.go,0,0,2.793,NO_FINDINGS
2026-02-09T20:36:33.197507,semgrep:auto,auto,juniorug,marbles_chaincode_private.go,juniorug/marbles_chaincode_private.go,0,0,2.803,NO_FINDINGS
2026-02-09T20:36:36.271324,semgrep:auto,auto,juniorug,sacc.go,juniorug/sacc.go,0,0,3.074,NO_FINDINGS
2026-02-09T20:36:39.095831,semgrep:auto,auto,jyotku48,PurchaseOrder.go,jyotku48/PurchaseOrder.go,0,0,2.825,NO_FINDINGS
2026-02-09T20:36:41.975507,semgrep:auto,auto,KarthikSamaganam550,abac.go,KarthikSamaganam550/abac.go,0,0,2.88,NO_FINDINGS
2026-02-09T20:36:44.773724,semgrep:auto,auto,KarthikSamaganam550,marbles_chaincode.go,KarthikSamaganam550/marbles_chaincode.go,0,0,2.798,NO_FINDINGS
2026-02-09T20:36:47.795568,semgrep:auto,auto,KarthikSamaganam550,sacc.go,KarthikSamaganam550/sacc.go,0,0,3.022,NO_FINDINGS
2026-02-09T20:36:50.649383,semgrep:auto,auto,karthiksukumaran,example_chaincode.go,karthiksukumaran/example_chaincode.go,0,0,2.852,NO_FINDINGS
2026-02-09T20:36:53.451342,semgrep:auto,auto,kavixooa,GetSetDelCC.go,kavixooa/GetSetDelCC.go,0,0,2.8,NO_FINDINGS
2026-02-09T20:36:56.350895,semgrep:auto,auto,Kayaanoosh,fabcar.go,Kayaanoosh/fabcar.go,0,0,2.9,NO_FINDINGS
2026-02-09T20:36:59.108919,semgrep:auto,auto,Kayaanoosh,Proto1.go,Kayaanoosh/Proto1.go,0,0,2.758,NO_FINDINGS
2026-02-09T20:37:01.816526,semgrep:auto,auto,kirtana01,normalchaincode1.go,kirtana01/normalchaincode1.go,0,0,2.708,NO_FINDINGS
2026-02-09T20:37:04.650105,semgrep:auto,auto,kmazz,sample.go,kmazz/sample.go,0,0,2.834,NO_FINDINGS
2026-02-09T20:37:07.670961,semgrep:auto,auto,kmiyachi,abac.go,kmiyachi/abac.go,0,0,3.021,NO_FINDINGS
2026-02-09T20:37:10.673791,semgrep:auto,auto,kmiyachi,abstore.go,kmiyachi/abstore.go,0,0,3.003,NO_FINDINGS
2026-02-09T20:37:13.589927,semgrep:auto,auto,kmiyachi,fabcar.go,kmiyachi/fabcar.go,0,0,2.916,NO_FINDINGS
2026-02-09T20:37:16.525839,semgrep:auto,auto,kmiyachi,ledgersafe-chaincode.go,kmiyachi/ledgersafe-chaincode.go,0,0,2.935,NO_FINDINGS
2026-02-09T20:37:19.761743,semgrep:auto,auto,kmiyachi,ledgersafe_cc.go,kmiyachi/ledgersafe_cc.go,0,0,3.236,NO_FINDINGS
2026-02-09T20:37:22.690811,semgrep:auto,auto,kmiyachi,marbles_chaincode.go,kmiyachi/marbles_chaincode.go,0,0,2.929,NO_FINDINGS
2026-02-09T20:37:25.481965,semgrep:auto,auto,kmiyachi,marbles_chaincode_private.go,kmiyachi/marbles_chaincode_private.go,0,0,2.791,NO_FINDINGS
2026-02-09T20:37:28.261968,semgrep:auto,auto,kmiyachi,sacc.go,kmiyachi/sacc.go,0,0,2.78,NO_FINDINGS
2026-02-09T20:37:31.197409,semgrep:auto,auto,koakh,chaincode.go,koakh/chaincode.go,0,0,2.935,NO_FINDINGS
2026-02-09T20:37:33.942365,semgrep:auto,auto,koakh,configure.go,koakh/configure.go,0,0,2.745,NO_FINDINGS
2026-02-09T20:37:36.672341,semgrep:auto,auto,koakh,init_private_data.go,koakh/init_private_data.go,0,0,2.73,NO_FINDINGS
2026-02-09T20:37:39.685590,semgrep:auto,auto,koakh,init_public_data.go,koakh/init_public_data.go,0,0,3.013,NO_FINDINGS
2026-02-09T20:37:43.228090,semgrep:auto,auto,koakh,lscc.go,koakh/lscc.go,0,0,3.543,NO_FINDINGS
2026-02-09T20:37:46.135551,semgrep:auto,auto,koakh,marbles_chaincode.go,koakh/marbles_chaincode.go,0,0,2.907,NO_FINDINGS
2026-02-09T20:37:48.918420,semgrep:auto,auto,KolevDarko,kyc-chaincode.go,KolevDarko/kyc-chaincode.go,0,0,2.782,NO_FINDINGS
2026-02-09T20:37:51.695743,semgrep:auto,auto,komaldhiman112,material-trace.go,komaldhiman112/material-trace.go,0,0,2.777,NO_FINDINGS
2026-02-09T20:37:54.496353,semgrep:auto,auto,krishna-suman,chaincode_example02.go,krishna-suman/chaincode_example02.go,0,0,2.801,NO_FINDINGS
2026-02-09T20:37:57.580204,semgrep:auto,auto,KSR4599,erc20.go,KSR4599/erc20.go,0,0,3.084,NO_FINDINGS
2026-02-09T20:38:00.600989,semgrep:auto,auto,KSR4599,Interm.go,KSR4599/Interm.go,0,0,3.021,NO_FINDINGS
2026-02-09T20:38:03.441357,semgrep:auto,auto,KTyrantOnly,crowdTest.go,KTyrantOnly/crowdTest.go,0,0,2.839,NO_FINDINGS
2026-02-09T20:38:06.651914,semgrep:auto,auto,lafenicecc,chaincode_example02.go,lafenicecc/chaincode_example02.go,0,0,3.211,NO_FINDINGS
2026-02-09T20:38:09.568960,semgrep:auto,auto,lafenicecc,map.go,lafenicecc/map.go,0,0,2.917,NO_FINDINGS
2026-02-09T20:38:13.114434,semgrep:auto,auto,lafenicecc,marbles_chaincode.go,lafenicecc/marbles_chaincode.go,0,0,3.545,NO_FINDINGS
2026-02-09T20:38:16.331327,semgrep:auto,auto,lafenicecc,passthru.go,lafenicecc/passthru.go,0,0,3.217,NO_FINDINGS
2026-02-09T20:38:19.655905,semgrep:auto,auto,lay-z,marbles.go,lay-z/marbles.go,0,0,3.325,NO_FINDINGS
2026-02-09T20:38:23.331297,semgrep:auto,auto,lcy1317,chaincode.go,lcy1317/chaincode.go,0,0,3.675,NO_FINDINGS
2026-02-09T20:38:26.823251,semgrep:auto,auto,LinkaKorea,linkatoken.go,LinkaKorea/linkatoken.go,0,0,3.492,NO_FINDINGS
2026-02-09T20:38:30.036085,semgrep:auto,auto,linqd1,chaincode.go,linqd1/chaincode.go,0,0,3.213,NO_FINDINGS
2026-02-09T20:38:33.068008,semgrep:auto,auto,linqd1,eventsender.go,linqd1/eventsender.go,0,0,3.032,NO_FINDINGS
2026-02-09T20:38:35.975841,semgrep:auto,auto,linqd1,invokereturnsvalue.go,linqd1/invokereturnsvalue.go,0,0,2.908,NO_FINDINGS
2026-02-09T20:38:38.956617,semgrep:auto,auto,linqd1,map.go,linqd1/map.go,0,0,2.981,NO_FINDINGS
2026-02-09T20:38:41.906762,semgrep:auto,auto,linqd1,marbles_chaincode.go,linqd1/marbles_chaincode.go,0,0,2.949,NO_FINDINGS
2026-02-09T20:38:44.800305,semgrep:auto,auto,linqd1,passthru.go,linqd1/passthru.go,0,0,2.894,NO_FINDINGS
2026-02-09T20:38:47.867041,semgrep:auto,auto,linqd1,sleeper.go,linqd1/sleeper.go,0,0,3.067,NO_FINDINGS
2026-02-09T20:38:50.702986,semgrep:auto,auto,linuxone-community-cloud,chaincode_example02.go,linuxone-community-cloud/chaincode_example02.go,0,0,2.836,NO_FINDINGS
2026-02-09T20:38:53.569113,semgrep:auto,auto,liuhuanyuxcx,e2e.go,liuhuanyuxcx/e2e.go,0,0,2.866,NO_FINDINGS
2026-02-09T20:38:56.502990,semgrep:auto,auto,liuhuanyuxcx,marbles02.go,liuhuanyuxcx/marbles02.go,0,0,2.934,NO_FINDINGS
2026-02-09T20:38:59.498740,semgrep:auto,auto,liujingkun2017,chaincode_example.go,liujingkun2017/chaincode_example.go,0,0,2.995,NO_FINDINGS
2026-02-09T20:39:02.529383,semgrep:auto,auto,lmj101910,car.go,lmj101910/car.go,0,0,3.031,NO_FINDINGS
2026-02-09T20:39:05.333571,semgrep:auto,auto,loganlomackon,calc.go,loganlomackon/calc.go,0,0,2.803,NO_FINDINGS
2026-02-09T20:39:08.738948,semgrep:auto,auto,loganlomackon,caller.go,loganlomackon/caller.go,0,0,3.405,NO_FINDINGS
2026-02-09T20:39:11.768430,semgrep:auto,auto,loganlomackon,chaincode_example02.go,loganlomackon/chaincode_example02.go,0,0,3.028,NO_FINDINGS
2026-02-09T20:39:14.591832,semgrep:auto,auto,loganlomackon,erc20.go,loganlomackon/erc20.go,0,0,2.823,NO_FINDINGS
2026-02-09T20:39:17.629850,semgrep:auto,auto,loganlomackon,priv.go,loganlomackon/priv.go,0,0,3.038,NO_FINDINGS
2026-02-09T20:39:20.568561,semgrep:auto,auto,loganlomackon,qry.go,loganlomackon/qry.go,0,0,2.939,NO_FINDINGS
2026-02-09T20:39:23.876876,semgrep:auto,auto,loganlomackon,token.go,loganlomackon/token.go,0,0,3.307,NO_FINDINGS
2026-02-09T20:39:26.841805,semgrep:auto,auto,lujiean,abac.go,lujiean/abac.go,0,0,2.965,NO_FINDINGS
2026-02-09T20:39:30.004072,semgrep:auto,auto,lujiean,chaincode_example02.go,lujiean/chaincode_example02.go,0,0,3.162,NO_FINDINGS
2026-02-09T20:39:33.178888,semgrep:auto,auto,lujiean,fabcar.go,lujiean/fabcar.go,0,0,3.175,NO_FINDINGS
2026-02-09T20:39:36.053829,semgrep:auto,auto,lujiean,marbles_chaincode.go,lujiean/marbles_chaincode.go,0,0,2.875,NO_FINDINGS
2026-02-09T20:39:39.149160,semgrep:auto,auto,lujiean,marbles_chaincode_private.go,lujiean/marbles_chaincode_private.go,0,0,3.095,NO_FINDINGS
2026-02-09T20:39:42.327912,semgrep:auto,auto,lujiean,sacc.go,lujiean/sacc.go,0,0,3.179,NO_FINDINGS
2026-02-09T20:39:45.458967,semgrep:auto,auto,lutianYan,myHospital.go,lutianYan/myHospital.go,0,0,3.131,NO_FINDINGS
2026-02-09T20:39:48.384643,semgrep:auto,auto,lzb13612,example.go,lzb13612/example.go,0,0,2.926,NO_FINDINGS
2026-02-09T20:39:51.643401,semgrep:auto,auto,lzb13612,user.go,lzb13612/user.go,0,0,3.259,NO_FINDINGS
2026-02-09T20:39:54.612551,semgrep:auto,auto,mailtokartik1,sampleChainCode.go,mailtokartik1/sampleChainCode.go,0,0,2.969,NO_FINDINGS
2026-02-09T20:39:57.841819,semgrep:auto,auto,malkani-kamal,autonomy_chain.go,malkani-kamal/autonomy_chain.go,0,0,3.228,NO_FINDINGS
2026-02-09T20:40:00.825876,semgrep:auto,auto,malkani-kamal,camera_data.go,malkani-kamal/camera_data.go,0,0,2.983,NO_FINDINGS
2026-02-09T20:40:03.710761,semgrep:auto,auto,mallikarjunasai995,marbles.go,mallikarjunasai995/marbles.go,0,0,2.885,NO_FINDINGS
2026-02-09T20:40:06.674932,semgrep:auto,auto,marcelaadan,diamonds.go,marcelaadan/diamonds.go,0,0,2.964,NO_FINDINGS
2026-02-09T20:40:09.647342,semgrep:auto,auto,martingdela,halley.go,martingdela/halley.go,0,0,2.972,NO_FINDINGS
2026-02-09T20:40:12.666600,semgrep:auto,auto,mattheleon-itpeople,main.go,mattheleon-itpeople/main.go,0,0,3.018,NO_FINDINGS
2026-02-09T20:40:15.911976,semgrep:auto,auto,mattias7295,payment.go,mattias7295/payment.go,0,0,3.245,NO_FINDINGS
2026-02-09T20:40:19.018006,semgrep:auto,auto,mdarin,sacc.go,mdarin/sacc.go,0,0,3.105,NO_FINDINGS
2026-02-09T20:40:22.080022,semgrep:auto,auto,medoamanquer,diamonds.go,medoamanquer/diamonds.go,0,0,3.062,NO_FINDINGS
2026-02-09T20:40:24.921261,semgrep:auto,auto,Medullus,main_router.go,Medullus/main_router.go,0,0,2.841,NO_FINDINGS
2026-02-09T20:40:27.944353,semgrep:auto,auto,MennaAnees,diamonds.go,MennaAnees/diamonds.go,0,0,3.023,NO_FINDINGS
2026-02-09T20:40:31.049992,semgrep:auto,auto,MetacoinPlatform,MetaCoin.go,MetacoinPlatform/MetaCoin.go,0,0,3.106,NO_FINDINGS
2026-02-09T20:40:33.920946,semgrep:auto,auto,MisterPineapple,chaincode1.go,MisterPineapple/chaincode1.go,0,0,2.871,NO_FINDINGS
2026-02-09T20:40:37.002895,semgrep:auto,auto,MohammadGhoneem89,testcc.go,MohammadGhoneem89/testcc.go,0,0,3.082,NO_FINDINGS
2026-02-09T20:40:40.169443,semgrep:auto,auto,motoreq,sc_main.go,motoreq/sc_main.go,0,0,3.167,NO_FINDINGS
2026-02-09T20:40:43.209909,semgrep:auto,auto,Mr-lay,contract_chaincode.go,Mr-lay/contract_chaincode.go,0,0,3.04,NO_FINDINGS
2026-02-09T20:40:46.212765,semgrep:auto,auto,mrpuri,fashion.go,mrpuri/fashion.go,0,0,3.003,NO_FINDINGS
2026-02-09T20:40:49.211655,semgrep:auto,auto,MSaber9,diamonds.go,MSaber9/diamonds.go,0,0,2.999,NO_FINDINGS
2026-02-09T20:40:52.296922,semgrep:auto,auto,msedzins,simpleAsset.go,msedzins/simpleAsset.go,0,0,3.085,NO_FINDINGS
2026-02-09T20:40:55.080156,semgrep:auto,auto,mukherjeearnab,chaincode.go,mukherjeearnab/chaincode.go,0,0,2.783,NO_FINDINGS
2026-02-09T20:40:58.139406,semgrep:auto,auto,murlionline,product_review.go,murlionline/product_review.go,0,0,3.059,NO_FINDINGS
2026-02-09T20:41:00.925647,semgrep:auto,auto,nagarajmanjunath,fileData.go,nagarajmanjunath/fileData.go,0,0,2.786,NO_FINDINGS
2026-02-09T20:41:04.084318,semgrep:auto,auto,narayanprusty,identity_chaincode.go,narayanprusty/identity_chaincode.go,0,0,3.159,NO_FINDINGS
2026-02-09T20:41:07.051406,semgrep:auto,auto,narayanprusty,property_chaincode.go,narayanprusty/property_chaincode.go,0,0,2.967,NO_FINDINGS
2026-02-09T20:41:09.771132,semgrep:auto,auto,narayanprusty,voting-chaincode.go,narayanprusty/voting-chaincode.go,0,0,2.72,NO_FINDINGS
2026-02-09T20:41:12.804809,semgrep:auto,auto,neelbanker,abac.go,neelbanker/abac.go,0,0,3.034,NO_FINDINGS
2026-02-09T20:41:15.616591,semgrep:auto,auto,neelbanker,chaincode_example02.go,neelbanker/chaincode_example02.go,0,0,2.812,NO_FINDINGS
2026-02-09T20:41:18.402324,semgrep:auto,auto,neelbanker,fabcar.go,neelbanker/fabcar.go,0,0,2.786,NO_FINDINGS
2026-02-09T20:41:21.786967,semgrep:auto,auto,neelbanker,marbles_chaincode.go,neelbanker/marbles_chaincode.go,0,0,3.385,NO_FINDINGS
2026-02-09T20:41:24.739718,semgrep:auto,auto,neelbanker,marbles_chaincode_private.go,neelbanker/marbles_chaincode_private.go,0,0,2.953,NO_FINDINGS
2026-02-09T20:41:27.669827,semgrep:auto,auto,neelbanker,product_chaincode_private.go,neelbanker/product_chaincode_private.go,0,0,2.93,NO_FINDINGS
2026-02-09T20:41:30.783613,semgrep:auto,auto,neelbanker,sacc.go,neelbanker/sacc.go,0,0,3.113,NO_FINDINGS
2026-02-09T20:41:34.003766,semgrep:auto,auto,neeraj-badhani,chaincodeexample01.go,neeraj-badhani/chaincodeexample01.go,0,0,3.219,NO_FINDINGS
2026-02-09T20:41:37.052092,semgrep:auto,auto,nehaprashantmutke,samplechaincode.go,nehaprashantmutke/samplechaincode.go,0,0,3.048,NO_FINDINGS
2026-02-09T20:41:40.427388,semgrep:auto,auto,netkiller,gasoline.go,netkiller/gasoline.go,0,0,3.375,NO_FINDINGS
2026-02-09T20:41:43.529992,semgrep:auto,auto,netkiller,General.go,netkiller/General.go,0,0,3.103,NO_FINDINGS
2026-02-09T20:41:46.795943,semgrep:auto,auto,netkiller,state.go,netkiller/state.go,0,0,3.266,NO_FINDINGS
2026-02-09T20:41:53.992667,semgrep:auto,auto,netkiller,token1.go,netkiller/token1.go,0,0,7.197,NO_FINDINGS
2026-02-09T20:41:56.932375,semgrep:auto,auto,netkiller,token3.go,netkiller/token3.go,0,0,2.94,NO_FINDINGS
2026-02-09T20:41:59.878833,semgrep:auto,auto,netkiller,token4.go,netkiller/token4.go,0,0,2.946,NO_FINDINGS
2026-02-09T20:42:03.037237,semgrep:auto,auto,nguyentb,chaincode.go,nguyentb/chaincode.go,0,0,3.158,NO_FINDINGS
2026-02-09T20:42:05.899270,semgrep:auto,auto,NightShards,main.go,NightShards/main.go,0,0,2.862,NO_FINDINGS
2026-02-09T20:42:08.716540,semgrep:auto,auto,nitesh7sid,chaincode_example02.go,nitesh7sid/chaincode_example02.go,0,0,2.817,NO_FINDINGS
2026-02-09T20:42:11.734782,semgrep:auto,auto,nitesh7sid,fabcar.go,nitesh7sid/fabcar.go,0,0,3.017,NO_FINDINGS
2026-02-09T20:42:14.569776,semgrep:auto,auto,nitesh7sid,helloWorld.go,nitesh7sid/helloWorld.go,0,0,2.835,NO_FINDINGS
2026-02-09T20:42:17.375824,semgrep:auto,auto,nitesh7sid,marbles_chaincode.go,nitesh7sid/marbles_chaincode.go,0,0,2.806,NO_FINDINGS
2026-02-09T20:42:20.479596,semgrep:auto,auto,nitesh7sid,sacc.go,nitesh7sid/sacc.go,0,0,3.104,NO_FINDINGS
2026-02-09T20:42:23.230754,semgrep:auto,auto,nitesh7sid,simplechaincode.go,nitesh7sid/simplechaincode.go,0,0,2.751,NO_FINDINGS
2026-02-09T20:42:26.000930,semgrep:auto,auto,nitesh7sid,test.go,nitesh7sid/test.go,0,0,2.77,NO_FINDINGS
2026-02-09T20:42:28.739289,semgrep:auto,auto,nmatsui,fabric-payment.go,nmatsui/fabric-payment.go,0,0,2.738,NO_FINDINGS
2026-02-09T20:42:31.788762,semgrep:auto,auto,noatt,main.go,noatt/main.go,0,0,3.049,NO_FINDINGS
2026-02-09T20:42:38.129062,semgrep:auto,auto,Noonefang,chaincode.go,Noonefang/chaincode.go,0,0,6.34,NO_FINDINGS
2026-02-09T20:42:43.828382,semgrep:auto,auto,odrodrig,sacc.go,odrodrig/sacc.go,0,0,5.699,NO_FINDINGS
2026-02-09T20:42:46.550179,semgrep:auto,auto,off-grid-block,chaincode.go,off-grid-block/chaincode.go,0,0,2.722,NO_FINDINGS
2026-02-09T20:42:49.558489,semgrep:auto,auto,off-grid-block,main.go,off-grid-block/main.go,0,0,3.008,NO_FINDINGS
2026-02-09T20:42:52.424583,semgrep:auto,auto,OneChainGeek,main.go,OneChainGeek/main.go,0,0,2.866,NO_FINDINGS
2026-02-09T20:42:55.165617,semgrep:auto,auto,oneminutenotes,smartcontract.go,oneminutenotes/smartcontract.go,0,0,2.741,NO_FINDINGS
2026-02-09T20:42:57.942144,semgrep:auto,auto,OpenDataDLT,evmcc.go,OpenDataDLT/evmcc.go,0,0,2.777,NO_FINDINGS
2026-02-09T20:43:05.504703,semgrep:auto,auto,PandaManPMC,example1.go,PandaManPMC/example1.go,0,0,7.562,NO_FINDINGS
2026-02-09T20:43:08.694369,semgrep:auto,auto,pankajcheema,dummyuser.go,pankajcheema/dummyuser.go,0,0,3.19,NO_FINDINGS
2026-02-09T20:43:11.787861,semgrep:auto,auto,papandas,fabric-payment.go,papandas/fabric-payment.go,0,0,3.093,NO_FINDINGS
2026-02-09T20:43:14.857024,semgrep:auto,auto,Parag08,wallet.go,Parag08/wallet.go,0,0,3.069,NO_FINDINGS
2026-02-09T20:43:31.785678,semgrep:auto,auto,pavanirao,fabcar.go,pavanirao/fabcar.go,0,0,16.928,NO_FINDINGS
2026-02-09T20:43:34.641294,semgrep:auto,auto,pavanirao,Proto1.go,pavanirao/Proto1.go,0,0,2.855,NO_FINDINGS
2026-02-09T20:43:37.834358,semgrep:auto,auto,pavva91,trustreputationledger.go,pavva91/trustreputationledger.go,0,0,3.193,NO_FINDINGS
2026-02-09T20:43:40.983026,semgrep:auto,auto,payprotocol,main.go,payprotocol/main.go,0,0,3.149,NO_FINDINGS
2026-02-09T20:43:44.215899,semgrep:auto,auto,pchaivong,hyperledger-cc.go,pchaivong/hyperledger-cc.go,0,0,3.231,NO_FINDINGS
2026-02-09T20:43:46.942675,semgrep:auto,auto,peteim,fabric_cc.go,peteim/fabric_cc.go,0,0,2.727,NO_FINDINGS
2026-02-09T20:43:50.018962,semgrep:auto,auto,Pharmeum,chaincode.go,Pharmeum/chaincode.go,0,0,3.075,NO_FINDINGS
2026-02-09T20:43:52.995782,semgrep:auto,auto,phong101665,fabcar.go,phong101665/fabcar.go,0,0,2.977,NO_FINDINGS
2026-02-09T20:43:55.914609,semgrep:auto,auto,piedup,pop.go,piedup/pop.go,0,0,2.919,NO_FINDINGS
2026-02-09T20:43:59.110583,semgrep:auto,auto,piyushkumar96,main.go,piyushkumar96/main.go,0,0,3.196,NO_FINDINGS
2026-02-09T20:44:02.133432,semgrep:auto,auto,prabhu94,carTrace_v1.go,prabhu94/carTrace_v1.go,0,0,3.021,NO_FINDINGS
2026-02-09T20:44:05.233301,semgrep:auto,auto,prabhu94,Healthcare.go,prabhu94/Healthcare.go,0,0,3.1,NO_FINDINGS
2026-02-09T20:44:08.102675,semgrep:auto,auto,prabhu94,healthcare_v1.go,prabhu94/healthcare_v1.go,0,0,2.869,NO_FINDINGS
2026-02-09T20:44:10.979384,semgrep:auto,auto,prabhu94,visitflow.go,prabhu94/visitflow.go,0,0,2.877,NO_FINDINGS
2026-02-09T20:44:13.915838,semgrep:auto,auto,procrypt,SmartContract.go,procrypt/SmartContract.go,0,0,2.936,NO_FINDINGS
2026-02-09T20:44:17.052501,semgrep:auto,auto,project-smartlog,Keystore.go,project-smartlog/Keystore.go,0,0,3.137,NO_FINDINGS
2026-02-09T20:44:20.147420,semgrep:auto,auto,project-smartlog,TransportChain.go,project-smartlog/TransportChain.go,0,0,3.095,NO_FINDINGS
2026-02-09T20:44:23.051089,semgrep:auto,auto,project-smartlog,UBL.go,project-smartlog/UBL.go,0,0,2.904,NO_FINDINGS
2026-02-09T20:44:25.862094,semgrep:auto,auto,qiushaoxi,chaincode_union_loan.go,qiushaoxi/chaincode_union_loan.go,0,0,2.811,NO_FINDINGS
2026-02-09T20:44:28.794667,semgrep:auto,auto,qubing,balance_mgr.go,qubing/balance_mgr.go,0,0,2.933,NO_FINDINGS
2026-02-09T20:44:31.935879,semgrep:auto,auto,qubing,chaincode-api-go.go,qubing/chaincode-api-go.go,0,0,3.141,NO_FINDINGS
2026-02-09T20:44:34.778723,semgrep:auto,auto,qubing,main.go,qubing/main.go,0,0,2.842,NO_FINDINGS
2026-02-09T20:44:37.710044,semgrep:auto,auto,qubing,relay_adapter.go,qubing/relay_adapter.go,0,0,2.931,NO_FINDINGS
2026-02-09T20:44:40.565609,semgrep:auto,auto,radouane-karra,example01.go,radouane-karra/example01.go,0,0,2.856,NO_FINDINGS
2026-02-09T20:44:43.726581,semgrep:auto,auto,radouane-karra,example02.go,radouane-karra/example02.go,0,0,3.161,NO_FINDINGS
2026-02-09T20:44:46.779777,semgrep:auto,auto,RaeHowe,example_cc.go,RaeHowe/example_cc.go,0,0,3.053,NO_FINDINGS
2026-02-09T20:44:49.612393,semgrep:auto,auto,rahulEth,main.go,rahulEth/main.go,0,0,2.833,NO_FINDINGS
2026-02-09T20:44:52.415880,semgrep:auto,auto,raidinesh,fabsc.go,raidinesh/fabsc.go,0,0,2.803,NO_FINDINGS
2026-02-09T20:44:55.199452,semgrep:auto,auto,RakhiSoni,abac.go,RakhiSoni/abac.go,0,0,2.784,NO_FINDINGS
2026-02-09T20:44:58.314846,semgrep:auto,auto,RakhiSoni,chaincode_example02.go,RakhiSoni/chaincode_example02.go,0,0,3.115,NO_FINDINGS
2026-02-09T20:45:01.411473,semgrep:auto,auto,RakhiSoni,fabcar.go,RakhiSoni/fabcar.go,0,0,3.097,NO_FINDINGS
2026-02-09T20:45:04.529640,semgrep:auto,auto,RakhiSoni,fChaincode.go,RakhiSoni/fChaincode.go,0,0,3.118,NO_FINDINGS
2026-02-09T20:45:07.315751,semgrep:auto,auto,RakhiSoni,marbles_chaincode.go,RakhiSoni/marbles_chaincode.go,0,0,2.785,NO_FINDINGS
2026-02-09T20:45:10.133736,semgrep:auto,auto,RakhiSoni,marbles_chaincode_private.go,RakhiSoni/marbles_chaincode_private.go,0,0,2.817,NO_FINDINGS
2026-02-09T20:45:13.343450,semgrep:auto,auto,RakhiSoni,sacc.go,RakhiSoni/sacc.go,0,0,3.21,NO_FINDINGS
2026-02-09T20:45:16.353202,semgrep:auto,auto,RAntonio09,ccConsortium.go,RAntonio09/ccConsortium.go,0,0,3.01,NO_FINDINGS
2026-02-09T20:45:19.274106,semgrep:auto,auto,RathikaSnowflake,chaincode_example02.go,RathikaSnowflake/chaincode_example02.go,0,0,2.921,NO_FINDINGS
2026-02-09T20:45:36.441641,semgrep:auto,auto,ravinayag,chaincode.go,ravinayag/chaincode.go,0,0,17.168,NO_FINDINGS
2026-02-09T20:45:39.703438,semgrep:auto,auto,ReallyBigIndex-JavaApps,chaincode_example02.go,ReallyBigIndex-JavaApps/chaincode_example02.go,0,0,3.262,NO_FINDINGS
2026-02-09T20:45:42.945638,semgrep:auto,auto,rfrabasile,cc_example_footballbet.go,rfrabasile/cc_example_footballbet.go,0,0,3.242,NO_FINDINGS
2026-02-09T20:45:45.781046,semgrep:auto,auto,richardfelkl,main.go,richardfelkl/main.go,0,0,2.835,NO_FINDINGS
2026-02-09T20:45:48.749658,semgrep:auto,auto,risabhsharma71,caller.go,risabhsharma71/caller.go,0,0,2.969,NO_FINDINGS
2026-02-09T20:45:51.883630,semgrep:auto,auto,risabhsharma71,erc20.go,risabhsharma71/erc20.go,0,0,3.134,NO_FINDINGS
2026-02-09T20:45:54.733046,semgrep:auto,auto,risabhsharma71,priv.go,risabhsharma71/priv.go,0,0,2.849,NO_FINDINGS
2026-02-09T20:45:57.927535,semgrep:auto,auto,risabhsharma71,qry.go,risabhsharma71/qry.go,0,0,3.194,NO_FINDINGS
2026-02-09T20:46:00.816705,semgrep:auto,auto,risabhsharma71,token.go,risabhsharma71/token.go,0,0,2.888,NO_FINDINGS
2026-02-09T20:46:03.600226,semgrep:auto,auto,RohanShrothrium,hackidf.go,RohanShrothrium/hackidf.go,0,0,2.784,NO_FINDINGS
2026-02-09T20:46:06.455737,semgrep:auto,auto,rolivieri,removerCC.go,rolivieri/removerCC.go,0,0,2.854,NO_FINDINGS
2026-02-09T20:46:09.352004,semgrep:auto,auto,Running_Examples,channel/Channel.go,Running_Examples/channel/Channel.go,0,0,2.896,NO_FINDINGS
2026-02-09T20:46:12.246937,semgrep:auto,auto,Running_Examples,global/GlobalVariable.go,Running_Examples/global/GlobalVariable.go,0,0,2.894,NO_FINDINGS
2026-02-09T20:46:15.451371,semgrep:auto,auto,Running_Examples,goroutine/GoRoutines.go,Running_Examples/goroutine/GoRoutines.go,0,0,3.204,NO_FINDINGS
2026-02-09T20:46:18.466026,semgrep:auto,auto,Running_Examples,map-iter/MapIteration.go,Running_Examples/map-iter/MapIteration.go,0,0,3.013,NO_FINDINGS
2026-02-09T20:46:21.415737,semgrep:auto,auto,Running_Examples,method-function/MethodFunction.go,Running_Examples/method-function/MethodFunction.go,0,0,2.95,NO_FINDINGS
2026-02-09T20:46:24.255100,semgrep:auto,auto,rupeshtr78,abac.go,rupeshtr78/abac.go,0,0,2.839,NO_FINDINGS
2026-02-09T20:46:27.155847,semgrep:auto,auto,rupeshtr78,chaincode_example02.go,rupeshtr78/chaincode_example02.go,0,0,2.901,NO_FINDINGS
2026-02-09T20:46:30.047596,semgrep:auto,auto,rupeshtr78,fabcar.go,rupeshtr78/fabcar.go,0,0,2.892,NO_FINDINGS
2026-02-09T20:46:33.081779,semgrep:auto,auto,rupeshtr78,marbles_chaincode.go,rupeshtr78/marbles_chaincode.go,0,0,3.033,NO_FINDINGS
2026-02-09T20:46:36.885964,semgrep:auto,auto,rupeshtr78,marbles_chaincode_private.go,rupeshtr78/marbles_chaincode_private.go,0,0,3.804,NO_FINDINGS
2026-02-09T20:46:39.695919,semgrep:auto,auto,rupeshtr78,sacc.go,rupeshtr78/sacc.go,0,0,2.81,NO_FINDINGS
2026-02-09T20:46:42.558545,semgrep:auto,auto,ryu-sato,chaincode_sample.go,ryu-sato/chaincode_sample.go,0,0,2.863,NO_FINDINGS
2026-02-09T20:46:45.581720,semgrep:auto,auto,s7santosh,slachaincode.go,s7santosh/slachaincode.go,0,0,3.023,NO_FINDINGS
2026-02-09T20:46:48.497319,semgrep:auto,auto,s7techlab,chaincode.go,s7techlab/chaincode.go,0,0,2.915,NO_FINDINGS
2026-02-09T20:46:51.250508,semgrep:auto,auto,saan099,InsuranceManagement.go,saan099/InsuranceManagement.go,0,0,2.752,NO_FINDINGS
2026-02-09T20:46:54.595009,semgrep:auto,auto,sac1984pat,fabcar.go,sac1984pat/fabcar.go,0,0,3.345,NO_FINDINGS
2026-02-09T20:46:57.782868,semgrep:auto,auto,sachin-ngpws,cpu-use.go,sachin-ngpws/cpu-use.go,0,0,3.188,NO_FINDINGS
2026-02-09T20:47:00.730621,semgrep:auto,auto,SaifDeveloper,sacc.go,SaifDeveloper/sacc.go,0,0,2.948,NO_FINDINGS
2026-02-09T20:47:03.578934,semgrep:auto,auto,samdwise1367,chaincode_example02.go,samdwise1367/chaincode_example02.go,0,0,2.847,NO_FINDINGS
2026-02-09T20:47:06.417157,semgrep:auto,auto,samlinux,nfdt01.go,samlinux/nfdt01.go,0,0,2.838,NO_FINDINGS
2026-02-09T20:47:09.329464,semgrep:auto,auto,samlinux,sacc.go,samlinux/sacc.go,0,0,2.912,NO_FINDINGS
2026-02-09T20:47:12.500076,semgrep:auto,auto,samlinux,sacc2.go,samlinux/sacc2.go,0,0,3.171,NO_FINDINGS
2026-02-09T20:47:15.704250,semgrep:auto,auto,samlinux,sacc3.go,samlinux/sacc3.go,0,0,3.203,NO_FINDINGS
2026-02-09T20:47:18.599563,semgrep:auto,auto,samlinux,sacc4.go,samlinux/sacc4.go,0,0,2.895,NO_FINDINGS
2026-02-09T20:47:21.416041,semgrep:auto,auto,sapcis,perishable-net.go,sapcis/perishable-net.go,0,0,2.815,NO_FINDINGS
2026-02-09T20:47:24.319229,semgrep:auto,auto,Saurabh1997,argument_function.go,Saurabh1997/argument_function.go,0,0,2.903,NO_FINDINGS
2026-02-09T20:47:27.135647,semgrep:auto,auto,Saurabh1997,calc.go,Saurabh1997/calc.go,0,0,2.815,NO_FINDINGS
2026-02-09T20:47:30.097074,semgrep:auto,auto,Saurabh1997,caller_sa.go,Saurabh1997/caller_sa.go,0,0,2.961,NO_FINDINGS
2026-02-09T20:47:33.397643,semgrep:auto,auto,Saurabh1997,proposal_use.go,Saurabh1997/proposal_use.go,0,0,3.301,NO_FINDINGS
2026-02-09T20:47:36.303084,semgrep:auto,auto,Saurabh1997,token_endorse.go,Saurabh1997/token_endorse.go,0,0,2.904,NO_FINDINGS
2026-02-09T20:47:39.379866,semgrep:auto,auto,Saurabh1997,token_rit.go,Saurabh1997/token_rit.go,0,0,3.077,NO_FINDINGS
2026-02-09T20:47:42.266508,semgrep:auto,auto,schmidtp0740,main.go,schmidtp0740/main.go,0,0,2.887,NO_FINDINGS
2026-02-09T20:47:45.199931,semgrep:auto,auto,schmidtp0740,sacc.go,schmidtp0740/sacc.go,0,0,2.933,NO_FINDINGS
2026-02-09T20:47:48.048055,semgrep:auto,auto,sejongtelecomnet,chaincode.go,sejongtelecomnet/chaincode.go,0,0,2.848,NO_FINDINGS
2026-02-09T20:47:51.048919,semgrep:auto,auto,shahazad999,medicalrecord.go,shahazad999/medicalrecord.go,0,0,3.0,NO_FINDINGS
2026-02-09T20:47:54.209182,semgrep:auto,auto,shubhamj25,fabcar-chaincode.go,shubhamj25/fabcar-chaincode.go,0,0,3.16,NO_FINDINGS
2026-02-09T20:47:57.079307,semgrep:auto,auto,shubhamkumar0,knowledgeA.go,shubhamkumar0/knowledgeA.go,0,0,2.869,NO_FINDINGS
2026-02-09T20:48:00.331689,semgrep:auto,auto,Shuo93,router.go,Shuo93/router.go,0,0,3.252,NO_FINDINGS
2026-02-09T20:48:03.197191,semgrep:auto,auto,sighttviewliu,abac.go,sighttviewliu/abac.go,0,0,2.866,NO_FINDINGS
2026-02-09T20:48:05.998207,semgrep:auto,auto,sighttviewliu,chaincode_example02.go,sighttviewliu/chaincode_example02.go,0,0,2.801,NO_FINDINGS
2026-02-09T20:48:09.055653,semgrep:auto,auto,sighttviewliu,fabcar.go,sighttviewliu/fabcar.go,0,0,3.057,NO_FINDINGS
2026-02-09T20:48:12.205585,semgrep:auto,auto,sighttviewliu,hello.go,sighttviewliu/hello.go,0,0,3.15,NO_FINDINGS
2026-02-09T20:48:15.019849,semgrep:auto,auto,sighttviewliu,main.go,sighttviewliu/main.go,0,0,2.814,NO_FINDINGS
2026-02-09T20:48:17.892058,semgrep:auto,auto,sighttviewliu,marbles_chaincode.go,sighttviewliu/marbles_chaincode.go,0,0,2.872,NO_FINDINGS
2026-02-09T20:48:20.818511,semgrep:auto,auto,sighttviewliu,marbles_chaincode_private.go,sighttviewliu/marbles_chaincode_private.go,0,0,2.926,NO_FINDINGS
2026-02-09T20:48:23.598906,semgrep:auto,auto,sighttviewliu,payment.go,sighttviewliu/payment.go,0,0,2.78,NO_FINDINGS
2026-02-09T20:48:26.401949,semgrep:auto,auto,sighttviewliu,sacc.go,sighttviewliu/sacc.go,0,0,2.803,NO_FINDINGS
2026-02-09T20:48:29.260488,semgrep:auto,auto,sighttviewliu,test.go,sighttviewliu/test.go,0,0,2.859,NO_FINDINGS
2026-02-09T20:48:32.128075,semgrep:auto,auto,silvioqueiroz,helloworld.go,silvioqueiroz/helloworld.go,0,0,2.868,NO_FINDINGS
2026-02-09T20:48:35.277206,semgrep:auto,auto,SipengXie,Identity.go,SipengXie/Identity.go,0,0,3.149,NO_FINDINGS
2026-02-09T20:48:38.489203,semgrep:auto,auto,SipengXie,record.go,SipengXie/record.go,0,0,3.211,NO_FINDINGS
2026-02-09T20:48:41.642974,semgrep:auto,auto,SipengXie,traco.go,SipengXie/traco.go,0,0,3.154,NO_FINDINGS
2026-02-09T20:48:45.062004,semgrep:auto,auto,skazska,main.go,skazska/main.go,0,0,3.419,NO_FINDINGS
2026-02-09T20:48:48.201712,semgrep:auto,auto,skybat007,purchase_chaincode.go,skybat007/purchase_chaincode.go,0,0,3.14,NO_FINDINGS
2026-02-09T20:48:51.251082,semgrep:auto,auto,skybat007,sell_chaincode.go,skybat007/sell_chaincode.go,0,0,3.048,NO_FINDINGS
2026-02-09T20:48:54.114699,semgrep:auto,auto,skybat007,store_chaincode.go,skybat007/store_chaincode.go,0,0,2.863,NO_FINDINGS
2026-02-09T20:48:57.219830,semgrep:auto,auto,smfaizalkhan,goodsInspection.go,smfaizalkhan/goodsInspection.go,0,0,3.105,NO_FINDINGS
2026-02-09T20:49:00.062650,semgrep:auto,auto,SolveCare,scheduleChaincode.go,SolveCare/scheduleChaincode.go,0,0,2.843,NO_FINDINGS
2026-02-09T20:49:02.887321,semgrep:auto,auto,soodakshay,mycc.go,soodakshay/mycc.go,0,0,2.825,NO_FINDINGS
2026-02-09T20:49:05.936672,semgrep:auto,auto,souravdhar,simplechaincode.go,souravdhar/simplechaincode.go,0,0,3.049,NO_FINDINGS
2026-02-09T20:49:09.006537,semgrep:auto,auto,sriyanshcse,example_cc.go,sriyanshcse/example_cc.go,0,0,3.07,NO_FINDINGS
2026-02-09T20:49:12.034054,semgrep:auto,auto,sriyanshcse,fabcar.go,sriyanshcse/fabcar.go,0,0,3.028,NO_FINDINGS
2026-02-09T20:49:15.006592,semgrep:auto,auto,starJsm,account.go,starJsm/account.go,0,0,2.971,NO_FINDINGS
2026-02-09T20:49:18.086809,semgrep:auto,auto,suchongming,chaincode_ep.go,suchongming/chaincode_ep.go,0,0,3.08,NO_FINDINGS
2026-02-09T20:49:21.392256,semgrep:auto,auto,suddutt1,InvokersIdentity.go,suddutt1/InvokersIdentity.go,0,0,3.305,NO_FINDINGS
2026-02-09T20:49:24.245639,semgrep:auto,auto,suddutt1,main.go,suddutt1/main.go,0,0,2.853,NO_FINDINGS
2026-02-09T20:49:27.031619,semgrep:auto,auto,suhyeon0911,chaincode.go,suhyeon0911/chaincode.go,0,0,2.786,NO_FINDINGS
2026-02-09T20:49:29.870824,semgrep:auto,auto,sunny4767,abac.go,sunny4767/abac.go,0,0,2.839,NO_FINDINGS
2026-02-09T20:49:32.750693,semgrep:auto,auto,sunny4767,chaincode_example02.go,sunny4767/chaincode_example02.go,0,0,2.88,NO_FINDINGS
2026-02-09T20:49:35.915895,semgrep:auto,auto,sunny4767,fabcar.go,sunny4767/fabcar.go,0,0,3.165,NO_FINDINGS
2026-02-09T20:49:39.131847,semgrep:auto,auto,sunny4767,firstcc.go,sunny4767/firstcc.go,0,0,3.216,NO_FINDINGS
2026-02-09T20:49:42.181918,semgrep:auto,auto,sunny4767,marbles_chaincode.go,sunny4767/marbles_chaincode.go,0,0,3.05,NO_FINDINGS
2026-02-09T20:49:45.363575,semgrep:auto,auto,sunny4767,marbles_chaincode_private.go,sunny4767/marbles_chaincode_private.go,0,0,3.182,NO_FINDINGS
2026-02-09T20:49:48.387047,semgrep:auto,auto,sunny4767,mb.go,sunny4767/mb.go,0,0,3.023,NO_FINDINGS
2026-02-09T20:49:51.539043,semgrep:auto,auto,sunny4767,sacc.go,sunny4767/sacc.go,0,0,3.152,NO_FINDINGS
2026-02-09T20:49:54.429634,semgrep:auto,auto,sunny4767,team_project.go,sunny4767/team_project.go,0,0,2.891,NO_FINDINGS
2026-02-09T20:49:57.427413,semgrep:auto,auto,SurabhiBorgikar,chaincode_example02.go,SurabhiBorgikar/chaincode_example02.go,0,0,2.997,NO_FINDINGS
2026-02-09T20:50:00.574188,semgrep:auto,auto,SurabhiBorgikar,marbles_chaincode.go,SurabhiBorgikar/marbles_chaincode.go,0,0,3.147,NO_FINDINGS
2026-02-09T20:50:03.551324,semgrep:auto,auto,surajresearch,smartcontract.go,surajresearch/smartcontract.go,0,0,2.976,NO_FINDINGS
2026-02-09T20:50:06.500736,semgrep:auto,auto,swapnilshrivastava,chaincode1.go,swapnilshrivastava/chaincode1.go,0,0,2.949,NO_FINDINGS
2026-02-09T20:50:09.635951,semgrep:auto,auto,szhygulin,a-usd.go,szhygulin/a-usd.go,0,0,3.135,NO_FINDINGS
2026-02-09T20:50:12.449039,semgrep:auto,auto,tarakit,chaincode_example02.go,tarakit/chaincode_example02.go,0,0,2.813,NO_FINDINGS
2026-02-09T20:50:15.607627,semgrep:auto,auto,tcd93,sample_token.go,tcd93/sample_token.go,0,0,3.159,NO_FINDINGS
2026-02-09T20:50:18.413053,semgrep:auto,auto,Tectiform,spare.go,Tectiform/spare.go,0,0,2.805,NO_FINDINGS
2026-02-09T20:50:21.517687,semgrep:auto,auto,testibmbc,diamonds.go,testibmbc/diamonds.go,0,0,3.104,NO_FINDINGS
2026-02-09T20:50:24.584491,semgrep:auto,auto,the-hulk-id,poc-cc.go,the-hulk-id/poc-cc.go,0,0,3.067,NO_FINDINGS
2026-02-09T20:50:27.525292,semgrep:auto,auto,TigerWit,sealtx.go,TigerWit/sealtx.go,0,0,2.941,NO_FINDINGS
2026-02-09T20:50:30.449896,semgrep:auto,auto,TigerWit,sealtxnew.go,TigerWit/sealtxnew.go,0,0,2.925,NO_FINDINGS
2026-02-09T20:50:33.747758,semgrep:auto,auto,tinywell,databackcc.go,tinywell/databackcc.go,0,0,3.298,NO_FINDINGS
2026-02-09T20:50:36.874680,semgrep:auto,auto,tinywell,databackscc.go,tinywell/databackscc.go,0,0,3.127,NO_FINDINGS
2026-02-09T20:50:39.722947,semgrep:auto,auto,tkalai25298,cpu-use.go,tkalai25298/cpu-use.go,0,0,2.848,NO_FINDINGS
2026-02-09T20:50:42.909526,semgrep:auto,auto,to7485,fabcar.go,to7485/fabcar.go,0,0,3.185,NO_FINDINGS
2026-02-09T20:50:45.829234,semgrep:auto,auto,TongjiUniversityStudent1,chaincode_example02.go,TongjiUniversityStudent1/chaincode_example02.go,0,0,2.92,NO_FINDINGS
2026-02-09T20:50:48.712565,semgrep:auto,auto,TongjiUniversityStudent1,charity.go,TongjiUniversityStudent1/charity.go,0,0,2.883,NO_FINDINGS
2026-02-09T20:50:51.867061,semgrep:auto,auto,TongjiUniversityStudent1,example_cc.go,TongjiUniversityStudent1/example_cc.go,0,0,3.154,NO_FINDINGS
2026-02-09T20:50:54.976871,semgrep:auto,auto,TongjiUniversityStudent1,fabcar.go,TongjiUniversityStudent1/fabcar.go,0,0,3.11,NO_FINDINGS
2026-02-09T20:50:57.869989,semgrep:auto,auto,TongjiUniversityStudent1,fundRaise.go,TongjiUniversityStudent1/fundRaise.go,0,0,2.893,NO_FINDINGS
2026-02-09T20:51:00.808437,semgrep:auto,auto,TongjiUniversityStudent1,marbles_chaincode.go,TongjiUniversityStudent1/marbles_chaincode.go,0,0,2.938,NO_FINDINGS
2026-02-09T20:51:03.952640,semgrep:auto,auto,TongjiUniversityStudent1,moneyTocoin.go,TongjiUniversityStudent1/moneyTocoin.go,0,0,3.144,NO_FINDINGS
2026-02-09T20:51:07.189809,semgrep:auto,auto,TongjiUniversityStudent1,project.go,TongjiUniversityStudent1/project.go,0,0,3.237,NO_FINDINGS
2026-02-09T20:51:10.368863,semgrep:auto,auto,TongjiUniversityStudent1,projectLibrary.go,TongjiUniversityStudent1/projectLibrary.go,0,0,3.179,NO_FINDINGS
2026-02-09T20:51:13.288026,semgrep:auto,auto,TongjiUniversityStudent1,publicityList.go,TongjiUniversityStudent1/publicityList.go,0,0,2.919,NO_FINDINGS
2026-02-09T20:51:16.415069,semgrep:auto,auto,TongjiUniversityStudent1,publicityReport.go,TongjiUniversityStudent1/publicityReport.go,0,0,3.127,NO_FINDINGS
2026-02-09T20:51:19.662151,semgrep:auto,auto,TongjiUniversityStudent1,sacc.go,TongjiUniversityStudent1/sacc.go,0,0,3.247,NO_FINDINGS
2026-02-09T20:51:22.728506,semgrep:auto,auto,Trust-Contract,cargo-chaincode.go,Trust-Contract/cargo-chaincode.go,0,0,3.066,NO_FINDINGS
2026-02-09T20:51:25.663437,semgrep:auto,auto,TxTPing,chaincode_example02.go,TxTPing/chaincode_example02.go,0,0,2.934,NO_FINDINGS
2026-02-09T20:51:28.483178,semgrep:auto,auto,TxTPing,chaincode_example05.go,TxTPing/chaincode_example05.go,0,0,2.82,NO_FINDINGS
2026-02-09T20:51:31.327216,semgrep:auto,auto,u-wut-m8,fabric.go,u-wut-m8/fabric.go,0,0,2.844,NO_FINDINGS
2026-02-09T20:51:34.482665,semgrep:auto,auto,uhuchain,car-chaincode.go,uhuchain/car-chaincode.go,0,0,3.155,NO_FINDINGS
2026-02-09T20:51:37.309816,semgrep:auto,auto,vanchpuck,kuzmich-mcc.go,vanchpuck/kuzmich-mcc.go,0,0,2.826,NO_FINDINGS
2026-02-09T20:51:41.795860,semgrep:auto,auto,vanitas92,marbles02.go,vanitas92/marbles02.go,0,0,4.486,NO_FINDINGS
2026-02-09T20:51:44.735723,semgrep:auto,auto,varshard,simple_asset.go,varshard/simple_asset.go,0,0,2.94,NO_FINDINGS
2026-02-09T20:51:47.649967,semgrep:auto,auto,vasile-coste,MedChain.go,vasile-coste/MedChain.go,0,0,2.914,NO_FINDINGS
2026-02-09T20:51:50.578103,semgrep:auto,auto,vasile-coste,newMed.go,vasile-coste/newMed.go,0,0,2.928,NO_FINDINGS
2026-02-09T20:51:53.494516,semgrep:auto,auto,VegeBun-csj,chaincode_helloworld.go,VegeBun-csj/chaincode_helloworld.go,0,0,2.916,NO_FINDINGS
2026-02-09T20:51:56.718384,semgrep:auto,auto,VegeBun-csj,fabcar.go,VegeBun-csj/fabcar.go,0,0,3.224,NO_FINDINGS
2026-02-09T20:51:59.703786,semgrep:auto,auto,VegeBun-csj,keylevel_ep.go,VegeBun-csj/keylevel_ep.go,0,0,2.985,NO_FINDINGS
2026-02-09T20:52:02.939790,semgrep:auto,auto,VegeBun-csj,privateData.go,VegeBun-csj/privateData.go,0,0,3.236,NO_FINDINGS
2026-02-09T20:52:05.750221,semgrep:auto,auto,Vijaypunugubati,evmcc.go,Vijaypunugubati/evmcc.go,0,0,2.81,NO_FINDINGS
2026-02-09T20:52:08.602854,semgrep:auto,auto,viridian-project,chaincode.go,viridian-project/chaincode.go,0,0,2.853,NO_FINDINGS
2026-02-09T20:52:11.696007,semgrep:auto,auto,vishal3152,init.go,vishal3152/init.go,0,0,3.093,NO_FINDINGS
2026-02-09T20:52:14.601128,semgrep:auto,auto,vishal3152,invoke.go,vishal3152/invoke.go,0,0,2.905,NO_FINDINGS
2026-02-09T20:52:17.692880,semgrep:auto,auto,vitorduarte,basicChaincode.go,vitorduarte/basicChaincode.go,0,0,3.092,NO_FINDINGS
2026-02-09T20:52:20.763127,semgrep:auto,auto,vivianLL,mychaincode.go,vivianLL/mychaincode.go,0,0,3.07,NO_FINDINGS
2026-02-09T20:52:23.874482,semgrep:auto,auto,vmorris,procon.go,vmorris/procon.go,0,0,3.111,NO_FINDINGS
2026-02-09T20:52:26.663217,semgrep:auto,auto,VoneChain-CS,contract_chaincode.go,VoneChain-CS/contract_chaincode.go,0,0,2.789,NO_FINDINGS
2026-02-09T20:52:29.742856,semgrep:auto,auto,vtwenty3,main.go,vtwenty3/main.go,0,0,3.08,NO_FINDINGS
2026-02-09T20:52:32.825045,semgrep:auto,auto,vu3mmg,chaincode_example02.go,vu3mmg/chaincode_example02.go,0,0,3.082,NO_FINDINGS
2026-02-09T20:52:35.812083,semgrep:auto,auto,whatisoop,chaincode.go,whatisoop/chaincode.go,0,0,2.986,NO_FINDINGS
2026-02-09T20:52:38.802737,semgrep:auto,auto,whatisoop,chaincode_example01.go,whatisoop/chaincode_example01.go,0,0,2.991,NO_FINDINGS
2026-02-09T20:52:41.746018,semgrep:auto,auto,whatisoop,chaincode_example02.go,whatisoop/chaincode_example02.go,0,0,2.943,NO_FINDINGS
2026-02-09T20:52:44.731681,semgrep:auto,auto,whatisoop,chaincode_example03.go,whatisoop/chaincode_example03.go,0,0,2.985,NO_FINDINGS
2026-02-09T20:52:47.684242,semgrep:auto,auto,whatisoop,chaincode_example04.go,whatisoop/chaincode_example04.go,0,0,2.953,NO_FINDINGS
2026-02-09T20:52:50.583960,semgrep:auto,auto,whatisoop,chaincode_example05.go,whatisoop/chaincode_example05.go,0,0,2.9,NO_FINDINGS
2026-02-09T20:52:53.688972,semgrep:auto,auto,whatisoop,eventsender.go,whatisoop/eventsender.go,0,0,3.105,NO_FINDINGS
2026-02-09T20:52:56.569679,semgrep:auto,auto,whatisoop,invokereturnsvalue.go,whatisoop/invokereturnsvalue.go,0,0,2.881,NO_FINDINGS
2026-02-09T20:52:59.514108,semgrep:auto,auto,whatisoop,map.go,whatisoop/map.go,0,0,2.944,NO_FINDINGS
2026-02-09T20:53:02.629228,semgrep:auto,auto,whatisoop,map_experimental.go,whatisoop/map_experimental.go,0,0,3.115,NO_FINDINGS
2026-02-09T20:53:05.712282,semgrep:auto,auto,whatisoop,marbles_chaincode.go,whatisoop/marbles_chaincode.go,0,0,3.083,NO_FINDINGS
2026-02-09T20:53:08.611320,semgrep:auto,auto,whatisoop,passthru.go,whatisoop/passthru.go,0,0,2.898,NO_FINDINGS
2026-02-09T20:53:11.504767,semgrep:auto,auto,whatisoop,sleeper.go,whatisoop/sleeper.go,0,0,2.893,NO_FINDINGS
2026-02-09T20:53:16.751446,semgrep:auto,auto,WouldULike,blood-chaincode.go,WouldULike/blood-chaincode.go,0,0,5.247,NO_FINDINGS
2026-02-09T20:53:19.571269,semgrep:auto,auto,WuEcho,hello.go,WuEcho/hello.go,0,0,2.819,NO_FINDINGS
2026-02-09T20:53:22.338084,semgrep:auto,auto,WuEcho,main.go,WuEcho/main.go,0,0,2.767,NO_FINDINGS
2026-02-09T20:53:25.195886,semgrep:auto,auto,xiaochi0310,student.go,xiaochi0310/student.go,0,0,2.858,NO_FINDINGS
2026-02-09T20:53:27.998270,semgrep:auto,auto,XmissterioX,diamonds.go,XmissterioX/diamonds.go,0,0,2.801,NO_FINDINGS
2026-02-09T20:53:30.743128,semgrep:auto,auto,xuansonha17031991,COD_chaincode.go,xuansonha17031991/COD_chaincode.go,0,0,2.745,NO_FINDINGS
2026-02-09T20:53:33.475848,semgrep:auto,auto,xuansonha17031991,drug_information.go,xuansonha17031991/drug_information.go,0,0,2.733,NO_FINDINGS
2026-02-09T20:53:36.497220,semgrep:auto,auto,xuansonha17031991,hospital_fees.go,xuansonha17031991/hospital_fees.go,0,0,3.021,NO_FINDINGS
2026-02-09T20:53:39.636545,semgrep:auto,auto,xuansonha17031991,medical_record.go,xuansonha17031991/medical_record.go,0,0,3.139,NO_FINDINGS
2026-02-09T20:53:42.544372,semgrep:auto,auto,xuansonha17031991,patient_inormation.go,xuansonha17031991/patient_inormation.go,0,0,2.908,NO_FINDINGS
2026-02-09T20:53:46.110127,semgrep:auto,auto,xuchengli,test.go,xuchengli/test.go,0,0,3.566,NO_FINDINGS
2026-02-09T20:53:49.171169,semgrep:auto,auto,xuehuiit,example_cc.go,xuehuiit/example_cc.go,0,0,3.061,NO_FINDINGS
2026-02-09T20:53:51.994301,semgrep:auto,auto,xwzx100200,events_cc.go,xwzx100200/events_cc.go,0,0,2.823,NO_FINDINGS
2026-02-09T20:53:54.932059,semgrep:auto,auto,xwzx100200,example_cc.go,xwzx100200/example_cc.go,0,0,2.938,NO_FINDINGS
2026-02-09T20:53:57.984960,semgrep:auto,auto,xwzx100200,example_cc1.go,xwzx100200/example_cc1.go,0,0,3.053,NO_FINDINGS
2026-02-09T20:54:00.771018,semgrep:auto,auto,yangjaejae,chaincode_example02.go,yangjaejae/chaincode_example02.go,0,0,2.786,NO_FINDINGS
2026-02-09T20:54:03.726813,semgrep:auto,auto,yangjaejae,fabcar.go,yangjaejae/fabcar.go,0,0,2.956,NO_FINDINGS
2026-02-09T20:54:06.756600,semgrep:auto,auto,yangjaejae,marbles_chaincode.go,yangjaejae/marbles_chaincode.go,0,0,3.03,NO_FINDINGS
2026-02-09T20:54:09.587291,semgrep:auto,auto,yangjaejae,marbles_chaincode_private.go,yangjaejae/marbles_chaincode_private.go,0,0,2.831,NO_FINDINGS
2026-02-09T20:54:12.515879,semgrep:auto,auto,yangjaejae,rc-chaincode.go,yangjaejae/rc-chaincode.go,0,0,2.929,NO_FINDINGS
2026-02-09T20:54:15.324878,semgrep:auto,auto,yangjaejae,sacc.go,yangjaejae/sacc.go,0,0,2.809,NO_FINDINGS
2026-02-09T20:54:18.129145,semgrep:auto,auto,yangjaejae,taxrefund.go,yangjaejae/taxrefund.go,0,0,2.804,NO_FINDINGS
2026-02-09T20:54:21.242835,semgrep:auto,auto,YewPu,jsonObjects.go,YewPu/jsonObjects.go,0,0,3.114,NO_FINDINGS
2026-02-09T20:54:23.971313,semgrep:auto,auto,YewPu,rowObjects.go,YewPu/rowObjects.go,0,0,2.728,NO_FINDINGS
2026-02-09T20:54:26.724051,semgrep:auto,auto,yigitpolat,cc.go,yigitpolat/cc.go,0,0,2.753,NO_FINDINGS
2026-02-09T20:54:29.592201,semgrep:auto,auto,yigitpolat,NotaryApp.go,yigitpolat/NotaryApp.go,0,0,2.868,NO_FINDINGS
2026-02-09T20:54:32.636832,semgrep:auto,auto,yigitpolat,voting.go,yigitpolat/voting.go,0,0,3.044,NO_FINDINGS
2026-02-09T20:54:35.702879,semgrep:auto,auto,yiwenlong,abac.go,yiwenlong/abac.go,0,0,3.066,NO_FINDINGS
2026-02-09T20:54:38.455938,semgrep:auto,auto,yiwenlong,tps.go,yiwenlong/tps.go,0,0,2.753,NO_FINDINGS
2026-02-09T20:54:41.533221,semgrep:auto,auto,yokeshvs,hello_world.go,yokeshvs/hello_world.go,0,0,3.077,NO_FINDINGS
2026-02-09T20:54:44.273365,semgrep:auto,auto,yoonjk,account.go,yoonjk/account.go,0,0,2.74,NO_FINDINGS
2026-02-09T20:54:47.040768,semgrep:auto,auto,Yuchiss,events_cc.go,Yuchiss/events_cc.go,0,0,2.767,NO_FINDINGS
2026-02-09T20:54:49.827970,semgrep:auto,auto,Yuchiss,example_cc.go,Yuchiss/example_cc.go,0,0,2.787,NO_FINDINGS
2026-02-09T20:54:52.788450,semgrep:auto,auto,Yuchiss,example_cc1.go,Yuchiss/example_cc1.go,0,0,2.96,NO_FINDINGS
2026-02-09T20:54:55.793650,semgrep:auto,auto,Z-Voting,device.go,Z-Voting/device.go,0,0,3.005,NO_FINDINGS
2026-02-09T20:54:58.820369,semgrep:auto,auto,Z-Voting,rahasak.go,Z-Voting/rahasak.go,0,0,3.027,NO_FINDINGS
2026-02-09T20:55:01.571783,semgrep:auto,auto,zale144,musical_instruments.go,zale144/musical_instruments.go,0,0,2.751,NO_FINDINGS
2026-02-09T20:55:04.706582,semgrep:auto,auto,zerox12311,pigchain.go,zerox12311/pigchain.go,0,0,3.135,NO_FINDINGS
2026-02-09T20:55:07.875975,semgrep:auto,auto,zerox12311,smart_contract_sample.go,zerox12311/smart_contract_sample.go,0,0,3.168,NO_FINDINGS
2026-02-09T20:55:10.677186,semgrep:auto,auto,zhanglt,chaincode.go,zhanglt/chaincode.go,0,0,2.801,NO_FINDINGS
2026-02-09T20:55:13.777589,semgrep:auto,auto,zhangmin510,sacc.go,zhangmin510/sacc.go,0,0,3.099,NO_FINDINGS
2026-02-09T20:55:16.611353,semgrep:auto,auto,zs-papandas,pscc.go,zs-papandas/pscc.go,0,0,2.834,NO_FINDINGS
2026-02-09T20:55:20.314405,semgrep:security-audit,p/security-audit,2016Nishi,chaincode_example01.go,2016Nishi/chaincode_example01.go,0,0,3.703,NO_FINDINGS
2026-02-09T20:55:23.950569,semgrep:security-audit,p/security-audit,2016Nishi,chaincode_example02.go,2016Nishi/chaincode_example02.go,0,0,3.636,NO_FINDINGS
2026-02-09T20:55:27.581671,semgrep:security-audit,p/security-audit,2016Nishi,chaincode_example03.go,2016Nishi/chaincode_example03.go,0,0,3.63,NO_FINDINGS
2026-02-09T20:55:31.235730,semgrep:security-audit,p/security-audit,2016Nishi,chaincode_example04.go,2016Nishi/chaincode_example04.go,0,0,3.654,NO_FINDINGS
2026-02-09T20:55:34.805925,semgrep:security-audit,p/security-audit,2016Nishi,chaincode_example05.go,2016Nishi/chaincode_example05.go,0,0,3.57,NO_FINDINGS
2026-02-09T20:55:38.640232,semgrep:security-audit,p/security-audit,2016Nishi,configure.go,2016Nishi/configure.go,0,0,3.834,NO_FINDINGS
2026-02-09T20:55:42.256007,semgrep:security-audit,p/security-audit,2016Nishi,endorser_onevalidsignature.go,2016Nishi/endorser_onevalidsignature.go,0,0,3.616,NO_FINDINGS
2026-02-09T20:55:45.919596,semgrep:security-audit,p/security-audit,2016Nishi,eventsender.go,2016Nishi/eventsender.go,0,0,3.664,NO_FINDINGS
2026-02-09T20:55:49.574485,semgrep:security-audit,p/security-audit,2016Nishi,invokereturnsvalue.go,2016Nishi/invokereturnsvalue.go,0,0,3.655,NO_FINDINGS
2026-02-09T20:55:53.419999,semgrep:security-audit,p/security-audit,2016Nishi,marbles_chaincode.go,2016Nishi/marbles_chaincode.go,0,0,3.846,NO_FINDINGS
2026-02-09T20:55:57.021562,semgrep:security-audit,p/security-audit,2016Nishi,passthru.go,2016Nishi/passthru.go,0,0,3.602,NO_FINDINGS
2026-02-09T20:56:00.707924,semgrep:security-audit,p/security-audit,2016Nishi,samplesyscc.go,2016Nishi/samplesyscc.go,0,0,3.686,NO_FINDINGS
2026-02-09T20:56:04.361322,semgrep:security-audit,p/security-audit,2016Nishi,sleeper.go,2016Nishi/sleeper.go,0,0,3.653,NO_FINDINGS
2026-02-09T20:56:07.946911,semgrep:security-audit,p/security-audit,2016Nishi,validator_onevalidsignature.go,2016Nishi/validator_onevalidsignature.go,0,0,3.586,NO_FINDINGS
2026-02-09T20:56:11.560773,semgrep:security-audit,p/security-audit,abegpatel,chaincode.go,abegpatel/chaincode.go,0,0,3.614,NO_FINDINGS
2026-02-09T20:56:15.243329,semgrep:security-audit,p/security-audit,abegpatel,chaincode_sample.go,abegpatel/chaincode_sample.go,0,0,3.683,NO_FINDINGS
2026-02-09T20:56:18.891526,semgrep:security-audit,p/security-audit,abegpatel,map.go,abegpatel/map.go,0,0,3.648,NO_FINDINGS
2026-02-09T20:56:22.434396,semgrep:security-audit,p/security-audit,abegpatel,map_private.go,abegpatel/map_private.go,0,0,3.543,NO_FINDINGS
2026-02-09T20:56:26.036455,semgrep:security-audit,p/security-audit,abegpatel,mapkeys.go,abegpatel/mapkeys.go,0,0,3.602,NO_FINDINGS
2026-02-09T20:56:29.697977,semgrep:security-audit,p/security-audit,abegpatel,marbles_chaincode.go,abegpatel/marbles_chaincode.go,0,0,3.661,NO_FINDINGS
2026-02-09T20:56:33.343641,semgrep:security-audit,p/security-audit,abegpatel,marbles_chaincode_private.go,abegpatel/marbles_chaincode_private.go,0,0,3.645,NO_FINDINGS
2026-02-09T20:56:36.857410,semgrep:security-audit,p/security-audit,abgulati,JSON_CRUD_Chaincode.go,abgulati/JSON_CRUD_Chaincode.go,0,0,3.514,NO_FINDINGS
2026-02-09T20:56:40.422917,semgrep:security-audit,p/security-audit,acloudfan,calc.go,acloudfan/calc.go,0,0,3.566,NO_FINDINGS
2026-02-09T20:56:44.089837,semgrep:security-audit,p/security-audit,acloudfan,caller.go,acloudfan/caller.go,0,0,3.667,NO_FINDINGS
2026-02-09T20:56:47.861023,semgrep:security-audit,p/security-audit,acloudfan,chaincode_example02.go,acloudfan/chaincode_example02.go,0,0,3.77,NO_FINDINGS
2026-02-09T20:56:51.423864,semgrep:security-audit,p/security-audit,acloudfan,erc20.go,acloudfan/erc20.go,0,0,3.563,NO_FINDINGS
2026-02-09T20:56:55.019562,semgrep:security-audit,p/security-audit,acloudfan,priv.go,acloudfan/priv.go,0,0,3.596,NO_FINDINGS
2026-02-09T20:56:58.663787,semgrep:security-audit,p/security-audit,acloudfan,qry.go,acloudfan/qry.go,0,0,3.644,NO_FINDINGS
2026-02-09T20:57:02.317068,semgrep:security-audit,p/security-audit,acloudfan,token.go,acloudfan/token.go,0,0,3.653,NO_FINDINGS
2026-02-09T20:57:06.010868,semgrep:security-audit,p/security-audit,adityachap,example_cc.go,adityachap/example_cc.go,0,0,3.694,NO_FINDINGS
2026-02-09T20:57:09.618163,semgrep:security-audit,p/security-audit,adnanjee,GoChaincodeTemplate.go,adnanjee/GoChaincodeTemplate.go,0,0,3.607,NO_FINDINGS
2026-02-09T20:57:13.250752,semgrep:security-audit,p/security-audit,airvin,chaincode_example02.go,airvin/chaincode_example02.go,0,0,3.632,NO_FINDINGS
2026-02-09T20:57:16.773985,semgrep:security-audit,p/security-audit,airvin,sacc.go,airvin/sacc.go,0,0,3.523,NO_FINDINGS
2026-02-09T20:57:20.491799,semgrep:security-audit,p/security-audit,Akachain,main.go,Akachain/main.go,0,0,3.718,NO_FINDINGS
2026-02-09T20:57:24.077926,semgrep:security-audit,p/security-audit,akkagao,citizensChain.go,akkagao/citizensChain.go,0,0,3.586,NO_FINDINGS
2026-02-09T20:57:27.704592,semgrep:security-audit,p/security-audit,akm4,Person.go,akm4/Person.go,0,0,3.627,NO_FINDINGS
2026-02-09T20:57:31.163002,semgrep:security-audit,p/security-audit,akm4,Shop.go,akm4/Shop.go,0,0,3.458,NO_FINDINGS
2026-02-09T20:57:34.781089,semgrep:security-audit,p/security-audit,akshay111meher,ex2.go,akshay111meher/ex2.go,0,0,3.618,NO_FINDINGS
2026-02-09T20:57:38.533928,semgrep:security-audit,p/security-audit,akshay111meher,myexample.go,akshay111meher/myexample.go,0,0,3.752,NO_FINDINGS
2026-02-09T20:57:42.212229,semgrep:security-audit,p/security-audit,alejandrolr,arm.go,alejandrolr/arm.go,0,0,3.678,NO_FINDINGS
2026-02-09T20:57:45.865918,semgrep:security-audit,p/security-audit,alejandrolr,lab.go,alejandrolr/lab.go,0,0,3.653,NO_FINDINGS
2026-02-09T20:57:49.552616,semgrep:security-audit,p/security-audit,alejandrolr,supplyChain.go,alejandrolr/supplyChain.go,0,0,3.687,NO_FINDINGS
2026-02-09T20:57:53.136411,semgrep:security-audit,p/security-audit,alejoacosta74,abac.go,alejoacosta74/abac.go,0,0,3.584,NO_FINDINGS
2026-02-09T20:57:56.735985,semgrep:security-audit,p/security-audit,alejoacosta74,chaincode_example02.go,alejoacosta74/chaincode_example02.go,0,0,3.6,NO_FINDINGS
2026-02-09T20:58:00.489599,semgrep:security-audit,p/security-audit,alejoacosta74,marbles_chaincode.go,alejoacosta74/marbles_chaincode.go,0,0,3.754,NO_FINDINGS
2026-02-09T20:58:04.040400,semgrep:security-audit,p/security-audit,alejoacosta74,sacc.go,alejoacosta74/sacc.go,0,0,3.55,NO_FINDINGS
2026-02-09T20:58:07.660094,semgrep:security-audit,p/security-audit,alext234,main.go,alext234/main.go,0,0,3.619,NO_FINDINGS
2026-02-09T20:58:11.262478,semgrep:security-audit,p/security-audit,allan-zhou,fabcar.go,allan-zhou/fabcar.go,0,0,3.602,NO_FINDINGS
2026-02-09T20:58:14.834994,semgrep:security-audit,p/security-audit,allan-zhou,marble.go,allan-zhou/marble.go,0,0,3.572,NO_FINDINGS
2026-02-09T20:58:18.380714,semgrep:security-audit,p/security-audit,allan-zhou,mysacc.go,allan-zhou/mysacc.go,0,0,3.546,NO_FINDINGS
2026-02-09T20:58:21.883082,semgrep:security-audit,p/security-audit,allan-zhou,template.go,allan-zhou/template.go,0,0,3.502,NO_FINDINGS
2026-02-09T20:58:25.494666,semgrep:security-audit,p/security-audit,allan-zhou,transfer.go,allan-zhou/transfer.go,0,0,3.611,NO_FINDINGS
2026-02-09T20:58:29.102946,semgrep:security-audit,p/security-audit,Amit9887,marble.go,Amit9887/marble.go,0,0,3.608,NO_FINDINGS
2026-02-09T20:58:32.619094,semgrep:security-audit,p/security-audit,amtoaer,main.go,amtoaer/main.go,0,0,3.516,NO_FINDINGS
2026-02-09T20:58:36.251046,semgrep:security-audit,p/security-audit,anallr,chaincode_example02.go,anallr/chaincode_example02.go,0,0,3.631,NO_FINDINGS
2026-02-09T20:58:39.872976,semgrep:security-audit,p/security-audit,andres07a,sacc.go,andres07a/sacc.go,0,0,3.622,NO_FINDINGS
2026-02-09T20:58:43.639118,semgrep:security-audit,p/security-audit,ankitaunhalkar,first_chaincode.go,ankitaunhalkar/first_chaincode.go,0,0,3.766,NO_FINDINGS
2026-02-09T20:58:47.232703,semgrep:security-audit,p/security-audit,ankitaunhalkar,tradefinance_chaincode.go,ankitaunhalkar/tradefinance_chaincode.go,0,0,3.594,NO_FINDINGS
2026-02-09T20:58:50.890149,semgrep:security-audit,p/security-audit,Anylsite,DeviceManager.go,Anylsite/DeviceManager.go,0,0,3.656,NO_FINDINGS
2026-02-09T20:58:54.414686,semgrep:security-audit,p/security-audit,anzalbeg,abac.go,anzalbeg/abac.go,0,0,3.525,NO_FINDINGS
2026-02-09T20:58:58.128223,semgrep:security-audit,p/security-audit,anzalbeg,chaincode_example02.go,anzalbeg/chaincode_example02.go,0,0,3.714,NO_FINDINGS
2026-02-09T20:59:01.727958,semgrep:security-audit,p/security-audit,anzalbeg,fabcar.go,anzalbeg/fabcar.go,0,0,3.6,NO_FINDINGS
2026-02-09T20:59:05.571556,semgrep:security-audit,p/security-audit,anzalbeg,marbles_chaincode.go,anzalbeg/marbles_chaincode.go,0,0,3.844,NO_FINDINGS
2026-02-09T20:59:09.189807,semgrep:security-audit,p/security-audit,anzalbeg,sacc.go,anzalbeg/sacc.go,0,0,3.618,NO_FINDINGS
2026-02-09T20:59:12.900925,semgrep:security-audit,p/security-audit,AProkot,mycontract.go,AProkot/mycontract.go,0,0,3.711,NO_FINDINGS
2026-02-09T20:59:16.563273,semgrep:security-audit,p/security-audit,arslanali9797,firstchaincode.go,arslanali9797/firstchaincode.go,0,0,3.661,NO_FINDINGS
2026-02-09T20:59:20.223295,semgrep:security-audit,p/security-audit,arslanali9797,secondchaincode.go,arslanali9797/secondchaincode.go,0,0,3.66,NO_FINDINGS
2026-02-09T20:59:23.932719,semgrep:security-audit,p/security-audit,arsulegai,key_value.go,arsulegai/key_value.go,0,0,3.709,NO_FINDINGS
2026-02-09T20:59:27.577654,semgrep:security-audit,p/security-audit,arthurmsouza,boleto.go,arthurmsouza/boleto.go,1,0,3.644,[L12] WARNING [generic] | go.lang.security.audit.crypto.math_random.math-random-used: Do not use `math/rand`. Use `crypto/rand` instead.
2026-02-09T20:59:31.195132,semgrep:security-audit,p/security-audit,asararatnakar,chaincode_example02.go,asararatnakar/chaincode_example02.go,0,0,3.617,NO_FINDINGS
2026-02-09T20:59:35.040808,semgrep:security-audit,p/security-audit,asararatnakar,newkeyperinvoke.go,asararatnakar/newkeyperinvoke.go,0,0,3.846,NO_FINDINGS
2026-02-09T20:59:38.727169,semgrep:security-audit,p/security-audit,aschmidt75,pcs.go,aschmidt75/pcs.go,0,0,3.686,NO_FINDINGS
2026-02-09T20:59:42.288519,semgrep:security-audit,p/security-audit,ashokcin1,main.go,ashokcin1/main.go,0,0,3.56,NO_FINDINGS
2026-02-09T20:59:45.936745,semgrep:security-audit,p/security-audit,ashwanihlf,samplecc.go,ashwanihlf/samplecc.go,0,0,3.648,NO_FINDINGS
2026-02-09T20:59:49.709163,semgrep:security-audit,p/security-audit,ASomething,eventsender.go,ASomething/eventsender.go,0,0,3.772,NO_FINDINGS
2026-02-09T20:59:53.236954,semgrep:security-audit,p/security-audit,austinfifield,main.go,austinfifield/main.go,0,0,3.528,NO_FINDINGS
2026-02-09T20:59:56.853571,semgrep:security-audit,p/security-audit,Avery7Li,chaincode.go,Avery7Li/chaincode.go,0,0,3.617,NO_FINDINGS
2026-02-09T21:00:00.668667,semgrep:security-audit,p/security-audit,BadBaman,marbles_chaincode.go,BadBaman/marbles_chaincode.go,0,0,3.815,NO_FINDINGS
2026-02-09T21:00:04.361599,semgrep:security-audit,p/security-audit,BadBaman,odschaincode.go,BadBaman/odschaincode.go,0,0,3.693,NO_FINDINGS
2026-02-09T21:00:08.189748,semgrep:security-audit,p/security-audit,bairathirahul,genesiskyc.go,bairathirahul/genesiskyc.go,0,0,3.828,NO_FINDINGS
2026-02-09T21:00:11.904770,semgrep:security-audit,p/security-audit,BCEvanFang,abac.go,BCEvanFang/abac.go,0,0,3.715,NO_FINDINGS
2026-02-09T21:00:15.514192,semgrep:security-audit,p/security-audit,BCEvanFang,chaincode_example02.go,BCEvanFang/chaincode_example02.go,0,0,3.609,NO_FINDINGS
2026-02-09T21:00:19.158109,semgrep:security-audit,p/security-audit,BCEvanFang,fabcar.go,BCEvanFang/fabcar.go,0,0,3.644,NO_FINDINGS
2026-02-09T21:00:22.784151,semgrep:security-audit,p/security-audit,BCEvanFang,marbles_chaincode.go,BCEvanFang/marbles_chaincode.go,0,0,3.625,NO_FINDINGS
2026-02-09T21:00:26.422215,semgrep:security-audit,p/security-audit,BCEvanFang,marbles_chaincode_private.go,BCEvanFang/marbles_chaincode_private.go,0,0,3.638,NO_FINDINGS
2026-02-09T21:00:29.846857,semgrep:security-audit,p/security-audit,BCEvanFang,sacc.go,BCEvanFang/sacc.go,0,0,3.425,NO_FINDINGS
2026-02-09T21:00:34.796140,semgrep:security-audit,p/security-audit,BCEvanFang,simpleasset.go,BCEvanFang/simpleasset.go,0,0,4.949,NO_FINDINGS
2026-02-09T21:00:38.484753,semgrep:security-audit,p/security-audit,bcken001a,chaincode2.go,bcken001a/chaincode2.go,0,0,3.689,NO_FINDINGS
2026-02-09T21:00:41.908851,semgrep:security-audit,p/security-audit,bezant-developers,simpleChaincode.go,bezant-developers/simpleChaincode.go,0,0,3.424,NO_FINDINGS
2026-02-09T21:00:45.453169,semgrep:security-audit,p/security-audit,bgaughran,abac.go,bgaughran/abac.go,0,0,3.544,NO_FINDINGS
2026-02-09T21:00:49.044497,semgrep:security-audit,p/security-audit,bgaughran,chaincode_example02.go,bgaughran/chaincode_example02.go,0,0,3.591,NO_FINDINGS
2026-02-09T21:00:52.547427,semgrep:security-audit,p/security-audit,bgaughran,fabcar.go,bgaughran/fabcar.go,0,0,3.503,NO_FINDINGS
2026-02-09T21:00:56.116832,semgrep:security-audit,p/security-audit,bgaughran,marbles_chaincode.go,bgaughran/marbles_chaincode.go,0,0,3.569,NO_FINDINGS
2026-02-09T21:00:59.652777,semgrep:security-audit,p/security-audit,bgaughran,marbles_chaincode_private.go,bgaughran/marbles_chaincode_private.go,0,0,3.536,NO_FINDINGS
2026-02-09T21:01:03.053059,semgrep:security-audit,p/security-audit,bgaughran,sacc.go,bgaughran/sacc.go,0,0,3.4,NO_FINDINGS
2026-02-09T21:01:06.559431,semgrep:security-audit,p/security-audit,bhagyanik,BR31A1.go,bhagyanik/BR31A1.go,0,0,3.506,NO_FINDINGS
2026-02-09T21:01:10.000475,semgrep:security-audit,p/security-audit,bhagyanik,DWPB.go,bhagyanik/DWPB.go,0,0,3.44,NO_FINDINGS
2026-02-09T21:01:13.465030,semgrep:security-audit,p/security-audit,BingHongLi,chaincode_tutorial.go,BingHongLi/chaincode_tutorial.go,0,0,3.465,NO_FINDINGS
2026-02-09T21:01:16.964098,semgrep:security-audit,p/security-audit,bluezd,certificate.go,bluezd/certificate.go,0,0,3.499,NO_FINDINGS
2026-02-09T21:01:20.592962,semgrep:security-audit,p/security-audit,bluezd,integralTrace.go,bluezd/integralTrace.go,0,0,3.629,NO_FINDINGS
2026-02-09T21:01:24.195840,semgrep:security-audit,p/security-audit,bluezd,marathon.go,bluezd/marathon.go,0,0,3.602,NO_FINDINGS
2026-02-09T21:01:27.931187,semgrep:security-audit,p/security-audit,BOCno1team,chaincode.go,BOCno1team/chaincode.go,0,0,3.734,NO_FINDINGS
2026-02-09T21:01:31.634616,semgrep:security-audit,p/security-audit,boohyung,fabcar.go,boohyung/fabcar.go,0,0,3.703,NO_FINDINGS
2026-02-09T21:01:35.070988,semgrep:security-audit,p/security-audit,boohyung,ping.go,boohyung/ping.go,0,0,3.435,NO_FINDINGS
2026-02-09T21:01:38.685877,semgrep:security-audit,p/security-audit,bugfrog1024,abac.go,bugfrog1024/abac.go,0,0,3.615,NO_FINDINGS
2026-02-09T21:01:42.296018,semgrep:security-audit,p/security-audit,bugfrog1024,bMRP.go,bugfrog1024/bMRP.go,0,0,3.61,NO_FINDINGS
2026-02-09T21:01:46.105727,semgrep:security-audit,p/security-audit,bugfrog1024,chaincode_AtoreAndAccess.go,bugfrog1024/chaincode_AtoreAndAccess.go,0,0,3.81,NO_FINDINGS
2026-02-09T21:01:49.690791,semgrep:security-audit,p/security-audit,bugfrog1024,chaincode_example02.go,bugfrog1024/chaincode_example02.go,0,0,3.585,NO_FINDINGS
2026-02-09T21:01:53.338083,semgrep:security-audit,p/security-audit,bugfrog1024,charity_contract.go,bugfrog1024/charity_contract.go,2,0,3.647,[L9] WARNING [generic] | go.lang.security.audit.crypto.math_random.math-random-used: Do not use `math/rand`. Use `crypto/rand` instead. || [L33] WARNING [generic] | go.lang.security.audit.crypto.use_of_weak_crypto.use-of-sha1: Detected SHA1 hash algorithm which is considered insecure. SHA1 is not collision resistant and is th
2026-02-09T21:01:56.936034,semgrep:security-audit,p/security-audit,bugfrog1024,fabcar.go,bugfrog1024/fabcar.go,0,0,3.597,NO_FINDINGS
2026-02-09T21:02:00.534399,semgrep:security-audit,p/security-audit,bugfrog1024,main.go,bugfrog1024/main.go,0,0,3.598,NO_FINDINGS
2026-02-09T21:02:04.252692,semgrep:security-audit,p/security-audit,bugfrog1024,marbles.go,bugfrog1024/marbles.go,0,0,3.717,NO_FINDINGS
2026-02-09T21:02:07.933406,semgrep:security-audit,p/security-audit,bugfrog1024,marbles_chaincode.go,bugfrog1024/marbles_chaincode.go,0,0,3.681,NO_FINDINGS
2026-02-09T21:02:11.551657,semgrep:security-audit,p/security-audit,bugfrog1024,marbles_chaincode_private.go,bugfrog1024/marbles_chaincode_private.go,0,0,3.618,NO_FINDINGS
2026-02-09T21:02:15.032292,semgrep:security-audit,p/security-audit,bugfrog1024,sacc.go,bugfrog1024/sacc.go,0,0,3.481,NO_FINDINGS
2026-02-09T21:02:18.759384,semgrep:security-audit,p/security-audit,bugfrog1024,solution.go,bugfrog1024/solution.go,0,0,3.727,NO_FINDINGS
2026-02-09T21:02:22.540434,semgrep:security-audit,p/security-audit,bugfrog1024,test.go,bugfrog1024/test.go,0,0,3.781,NO_FINDINGS
2026-02-09T21:02:26.088057,semgrep:security-audit,p/security-audit,C0rWin,bank.go,C0rWin/bank.go,0,0,3.548,NO_FINDINGS
2026-02-09T21:02:29.617902,semgrep:security-audit,p/security-audit,C0rWin,person.go,C0rWin/person.go,0,0,3.53,NO_FINDINGS
2026-02-09T21:02:33.233802,semgrep:security-audit,p/security-audit,cactusfluo,abac.go,cactusfluo/abac.go,0,0,3.616,NO_FINDINGS
2026-02-09T21:02:36.776691,semgrep:security-audit,p/security-audit,cactusfluo,chaincode_example02.go,cactusfluo/chaincode_example02.go,0,0,3.543,NO_FINDINGS
2026-02-09T21:02:40.244971,semgrep:security-audit,p/security-audit,cactusfluo,fabcar.go,cactusfluo/fabcar.go,0,0,3.468,NO_FINDINGS
2026-02-09T21:02:43.787057,semgrep:security-audit,p/security-audit,cactusfluo,init.go,cactusfluo/init.go,0,0,3.542,NO_FINDINGS
2026-02-09T21:02:47.340305,semgrep:security-audit,p/security-audit,cactusfluo,invoke.go,cactusfluo/invoke.go,0,0,3.553,NO_FINDINGS
2026-02-09T21:02:50.908134,semgrep:security-audit,p/security-audit,cactusfluo,marbles_chaincode.go,cactusfluo/marbles_chaincode.go,0,0,3.568,NO_FINDINGS
2026-02-09T21:02:54.527232,semgrep:security-audit,p/security-audit,cactusfluo,marbles_chaincode_private.go,cactusfluo/marbles_chaincode_private.go,0,0,3.619,NO_FINDINGS
2026-02-09T21:02:59.491292,semgrep:security-audit,p/security-audit,cactusfluo,sacc.go,cactusfluo/sacc.go,0,0,4.964,NO_FINDINGS
2026-02-09T21:03:03.011034,semgrep:security-audit,p/security-audit,CaelRowley,sacc.go,CaelRowley/sacc.go,0,0,3.52,NO_FINDINGS
2026-02-09T21:03:06.462923,semgrep:security-audit,p/security-audit,chainHero,main.go,chainHero/main.go,0,0,3.452,NO_FINDINGS
2026-02-09T21:03:09.909217,semgrep:security-audit,p/security-audit,ChainNova,main.go,ChainNova/main.go,0,0,3.446,NO_FINDINGS
2026-02-09T21:03:13.386576,semgrep:security-audit,p/security-audit,ChaiwatSumrit,users_and_orgs.go,ChaiwatSumrit/users_and_orgs.go,0,0,3.477,NO_FINDINGS
2026-02-09T21:03:16.883138,semgrep:security-audit,p/security-audit,chilanti,asset_chaincode.go,chilanti/asset_chaincode.go,0,0,3.497,NO_FINDINGS
2026-02-09T21:03:20.323062,semgrep:security-audit,p/security-audit,chintanr97,abac.go,chintanr97/abac.go,0,0,3.44,NO_FINDINGS
2026-02-09T21:03:23.693994,semgrep:security-audit,p/security-audit,chintanr97,chaincode_example02.go,chintanr97/chaincode_example02.go,0,0,3.371,NO_FINDINGS
2026-02-09T21:03:27.193797,semgrep:security-audit,p/security-audit,chintanr97,fabcar.go,chintanr97/fabcar.go,0,0,3.5,NO_FINDINGS
2026-02-09T21:03:30.794072,semgrep:security-audit,p/security-audit,chintanr97,marbles_chaincode.go,chintanr97/marbles_chaincode.go,0,0,3.6,NO_FINDINGS
2026-02-09T21:03:34.753401,semgrep:security-audit,p/security-audit,chintanr97,marbles_chaincode_private.go,chintanr97/marbles_chaincode_private.go,0,0,3.959,NO_FINDINGS
2026-02-09T21:03:38.427774,semgrep:security-audit,p/security-audit,chintanr97,sacc.go,chintanr97/sacc.go,0,0,3.674,NO_FINDINGS
2026-02-09T21:03:42.082462,semgrep:security-audit,p/security-audit,chpwssn,redvblue.go,chpwssn/redvblue.go,0,0,3.655,NO_FINDINGS
2026-02-09T21:03:45.739934,semgrep:security-audit,p/security-audit,clydedacruz,simplechaincode.go,clydedacruz/simplechaincode.go,0,0,3.656,NO_FINDINGS
2026-02-09T21:03:49.536922,semgrep:security-audit,p/security-audit,Co-Verify,abac.go,Co-Verify/abac.go,0,0,3.797,NO_FINDINGS
2026-02-09T21:03:53.236158,semgrep:security-audit,p/security-audit,Co-Verify,chaincode_example02.go,Co-Verify/chaincode_example02.go,0,0,3.699,NO_FINDINGS
2026-02-09T21:03:57.073449,semgrep:security-audit,p/security-audit,Co-Verify,fabcar.go,Co-Verify/fabcar.go,0,0,3.837,NO_FINDINGS
2026-02-09T21:04:00.783482,semgrep:security-audit,p/security-audit,Co-Verify,marbles_chaincode.go,Co-Verify/marbles_chaincode.go,0,0,3.71,NO_FINDINGS
2026-02-09T21:04:04.478148,semgrep:security-audit,p/security-audit,Co-Verify,marbles_chaincode_private.go,Co-Verify/marbles_chaincode_private.go,0,0,3.694,NO_FINDINGS
2026-02-09T21:04:08.285965,semgrep:security-audit,p/security-audit,Co-Verify,sacc.go,Co-Verify/sacc.go,0,0,3.808,NO_FINDINGS
2026-02-09T21:04:12.243105,semgrep:security-audit,p/security-audit,code2understand,01_simple_chaincode.go,code2understand/01_simple_chaincode.go,0,0,3.957,NO_FINDINGS
2026-02-09T21:04:16.067904,semgrep:security-audit,p/security-audit,code2understand,02_composite_asset_chaincode.go,code2understand/02_composite_asset_chaincode.go,0,0,3.825,NO_FINDINGS
2026-02-09T21:04:19.848674,semgrep:security-audit,p/security-audit,code2understand,03_range_keys_chaincode.go,code2understand/03_range_keys_chaincode.go,0,0,3.781,NO_FINDINGS
2026-02-09T21:04:23.752699,semgrep:security-audit,p/security-audit,code2understand,04_history_of_keys.go,code2understand/04_history_of_keys.go,0,0,3.904,NO_FINDINGS
2026-02-09T21:04:27.331377,semgrep:security-audit,p/security-audit,code2understand,05_issue_events.go,code2understand/05_issue_events.go,0,0,3.577,NO_FINDINGS
2026-02-09T21:04:30.890536,semgrep:security-audit,p/security-audit,cosmos-sdk-0.43,authorization_grant.go,cosmos-sdk-0.43/authorization_grant.go,0,0,3.559,NO_FINDINGS
2026-02-09T21:04:34.437044,semgrep:security-audit,p/security-audit,cprinyarux,calc.go,cprinyarux/calc.go,0,0,3.547,NO_FINDINGS
2026-02-09T21:04:38.090539,semgrep:security-audit,p/security-audit,cprinyarux,caller.go,cprinyarux/caller.go,0,0,3.653,NO_FINDINGS
2026-02-09T21:04:41.691647,semgrep:security-audit,p/security-audit,cprinyarux,chaincode_example02.go,cprinyarux/chaincode_example02.go,0,0,3.601,NO_FINDINGS
2026-02-09T21:04:45.360297,semgrep:security-audit,p/security-audit,cprinyarux,erc20.go,cprinyarux/erc20.go,0,0,3.669,NO_FINDINGS
2026-02-09T21:04:48.946739,semgrep:security-audit,p/security-audit,cprinyarux,priv.go,cprinyarux/priv.go,0,0,3.586,NO_FINDINGS
2026-02-09T21:04:52.629409,semgrep:security-audit,p/security-audit,cprinyarux,qry.go,cprinyarux/qry.go,0,0,3.683,NO_FINDINGS
2026-02-09T21:04:56.197594,semgrep:security-audit,p/security-audit,cprinyarux,token.go,cprinyarux/token.go,0,0,3.568,NO_FINDINGS
2026-02-09T21:05:00.184399,semgrep:security-audit,p/security-audit,cristiano-andrade,chaincode-test.go,cristiano-andrade/chaincode-test.go,0,0,3.987,NO_FINDINGS
2026-02-09T21:05:03.788910,semgrep:security-audit,p/security-audit,ctacampado,beacon_cmpgns.go,ctacampado/beacon_cmpgns.go,0,0,3.605,NO_FINDINGS
2026-02-09T21:05:07.521869,semgrep:security-audit,p/security-audit,ctacampado,beacon_identity.go,ctacampado/beacon_identity.go,0,0,3.733,NO_FINDINGS
2026-02-09T21:05:11.149075,semgrep:security-audit,p/security-audit,ctacampado,beacon_transact.go,ctacampado/beacon_transact.go,0,0,3.626,NO_FINDINGS
2026-02-09T21:05:14.824997,semgrep:security-audit,p/security-audit,dachrillz,chaincode.go,dachrillz/chaincode.go,0,0,3.675,NO_FINDINGS
2026-02-09T21:05:18.401347,semgrep:security-audit,p/security-audit,DappCampus,chaincode.go,DappCampus/chaincode.go,0,0,3.576,NO_FINDINGS
2026-02-09T21:05:22.082957,semgrep:security-audit,p/security-audit,DappCampus,controller.go,DappCampus/controller.go,0,0,3.682,NO_FINDINGS
2026-02-09T21:05:25.636097,semgrep:security-audit,p/security-audit,daveyMedvedev,main.go,daveyMedvedev/main.go,0,0,3.552,NO_FINDINGS
2026-02-09T21:05:29.509060,semgrep:security-audit,p/security-audit,dbadoy,fabcar.go,dbadoy/fabcar.go,0,0,3.873,NO_FINDINGS
2026-02-09T21:05:33.046989,semgrep:security-audit,p/security-audit,dcbove,chaincode_example02.go,dcbove/chaincode_example02.go,0,0,3.538,NO_FINDINGS
2026-02-09T21:05:36.668297,semgrep:security-audit,p/security-audit,DCoT-EL,dcotWorkflow.go,DCoT-EL/dcotWorkflow.go,0,0,3.621,NO_FINDINGS
2026-02-09T21:05:40.305997,semgrep:security-audit,p/security-audit,debutdeveloper,debut_asset.go,debutdeveloper/debut_asset.go,0,0,3.638,NO_FINDINGS
2026-02-09T21:05:43.942042,semgrep:security-audit,p/security-audit,deevotech,food_supplychain.go,deevotech/food_supplychain.go,0,0,3.636,NO_FINDINGS
2026-02-09T21:05:48.158921,semgrep:security-audit,p/security-audit,deevotech,supplychain.go,deevotech/supplychain.go,0,0,4.216,NO_FINDINGS
2026-02-09T21:05:52.000143,semgrep:security-audit,p/security-audit,deevotech,supplychain_account.go,deevotech/supplychain_account.go,0,0,3.841,NO_FINDINGS
2026-02-09T21:05:55.609553,semgrep:security-audit,p/security-audit,demonsh,example_base.go,demonsh/example_base.go,0,0,3.609,NO_FINDINGS
2026-02-09T21:05:59.187172,semgrep:security-audit,p/security-audit,dempsey-ycr,chaincode_example02.go,dempsey-ycr/chaincode_example02.go,0,0,3.578,NO_FINDINGS
2026-02-09T21:06:02.749161,semgrep:security-audit,p/security-audit,DID-hyperledger,did.go,DID-hyperledger/did.go,0,0,3.562,NO_FINDINGS
2026-02-09T21:06:06.337399,semgrep:security-audit,p/security-audit,einai,main.go,einai/main.go,0,0,3.588,NO_FINDINGS
2026-02-09T21:06:09.951392,semgrep:security-audit,p/security-audit,elciusferreira,accountController.go,elciusferreira/accountController.go,0,0,3.614,NO_FINDINGS
2026-02-09T21:06:13.621473,semgrep:security-audit,p/security-audit,elciusferreira,cardController.go,elciusferreira/cardController.go,0,0,3.67,NO_FINDINGS
2026-02-09T21:06:17.229523,semgrep:security-audit,p/security-audit,elciusferreira,transferController.go,elciusferreira/transferController.go,0,0,3.607,NO_FINDINGS
2026-02-09T21:06:20.923016,semgrep:security-audit,p/security-audit,elite-elf,chaincode_example02.go,elite-elf/chaincode_example02.go,0,0,3.692,NO_FINDINGS
2026-02-09T21:06:24.562359,semgrep:security-audit,p/security-audit,eshita53,abac.go,eshita53/abac.go,0,0,3.639,NO_FINDINGS
2026-02-09T21:06:28.164175,semgrep:security-audit,p/security-audit,eshita53,chaincode_example02.go,eshita53/chaincode_example02.go,0,0,3.602,NO_FINDINGS
2026-02-09T21:06:32.006110,semgrep:security-audit,p/security-audit,eshita53,fabcar.go,eshita53/fabcar.go,1,0,3.842,[L38] WARNING [generic] | go.lang.security.audit.crypto.math_random.math-random-used: Do not use `math/rand`. Use `crypto/rand` instead.
2026-02-09T21:06:35.850199,semgrep:security-audit,p/security-audit,eshita53,marbles_chaincode.go,eshita53/marbles_chaincode.go,0,0,3.844,NO_FINDINGS
2026-02-09T21:06:39.500233,semgrep:security-audit,p/security-audit,eshita53,marbles_chaincode_private.go,eshita53/marbles_chaincode_private.go,0,0,3.65,NO_FINDINGS
2026-02-09T21:06:43.391791,semgrep:security-audit,p/security-audit,eshita53,sacc.go,eshita53/sacc.go,0,0,3.892,NO_FINDINGS
2026-02-09T21:06:47.093018,semgrep:security-audit,p/security-audit,EslamHiko,diamonds.go,EslamHiko/diamonds.go,0,0,3.701,NO_FINDINGS
2026-02-09T21:06:50.881447,semgrep:security-audit,p/security-audit,esumit,chaincode.go,esumit/chaincode.go,0,0,3.788,NO_FINDINGS
2026-02-09T21:06:54.614037,semgrep:security-audit,p/security-audit,evgenhvost,demo_chaincode.go,evgenhvost/demo_chaincode.go,0,0,3.732,NO_FINDINGS
2026-02-09T21:06:58.137827,semgrep:security-audit,p/security-audit,ewerter,customerloyalty.go,ewerter/customerloyalty.go,0,0,3.523,NO_FINDINGS
2026-02-09T21:07:01.676780,semgrep:security-audit,p/security-audit,farmerrrrr,asset management.go,farmerrrrr/asset management.go,0,0,3.539,NO_FINDINGS
2026-02-09T21:07:05.333951,semgrep:security-audit,p/security-audit,Featasy,ml.go,Featasy/ml.go,1,0,3.657,[L16] WARNING [generic] | go.lang.security.audit.crypto.math_random.math-random-used: Do not use `math/rand`. Use `crypto/rand` instead.
2026-02-09T21:07:08.875728,semgrep:security-audit,p/security-audit,FeiyangTan,main.go,FeiyangTan/main.go,0,0,3.542,NO_FINDINGS
2026-02-09T21:07:12.539873,semgrep:security-audit,p/security-audit,femiadewumi,diamonds.go,femiadewumi/diamonds.go,0,0,3.664,NO_FINDINGS
2026-02-09T21:07:15.997205,semgrep:security-audit,p/security-audit,ferrygun,smartbulb.go,ferrygun/smartbulb.go,0,0,3.457,NO_FINDINGS
2026-02-09T21:07:19.461790,semgrep:security-audit,p/security-audit,Ferwoo,EvidenceChaincode.go,Ferwoo/EvidenceChaincode.go,0,0,3.465,NO_FINDINGS
2026-02-09T21:07:22.974355,semgrep:security-audit,p/security-audit,Ferwoo,finance.go,Ferwoo/finance.go,0,0,3.512,NO_FINDINGS
2026-02-09T21:07:26.407981,semgrep:security-audit,p/security-audit,fishmc,certification.go,fishmc/certification.go,0,0,3.434,NO_FINDINGS
2026-02-09T21:07:29.831979,semgrep:security-audit,p/security-audit,fishmc,contract.go,fishmc/contract.go,0,0,3.424,NO_FINDINGS
2026-02-09T21:07:33.329095,semgrep:security-audit,p/security-audit,fishmc,test.go,fishmc/test.go,0,0,3.497,NO_FINDINGS
2026-02-09T21:07:36.830110,semgrep:security-audit,p/security-audit,fishmc,transcation.go,fishmc/transcation.go,0,0,3.5,NO_FINDINGS
2026-02-09T21:07:40.385826,semgrep:security-audit,p/security-audit,FLombardi-PhD,governance.go,FLombardi-PhD/governance.go,0,0,3.556,NO_FINDINGS
2026-02-09T21:07:44.031248,semgrep:security-audit,p/security-audit,FLombardi-PhD,key_value_store.go,FLombardi-PhD/key_value_store.go,0,0,3.645,NO_FINDINGS
2026-02-09T21:07:47.492667,semgrep:security-audit,p/security-audit,FLombardi-PhD,yandex_translator.go,FLombardi-PhD/yandex_translator.go,0,0,3.461,NO_FINDINGS
2026-02-09T21:07:50.959722,semgrep:security-audit,p/security-audit,flybirdC,contract.go,flybirdC/contract.go,0,0,3.466,NO_FINDINGS
2026-02-09T21:07:54.409004,semgrep:security-audit,p/security-audit,fourbroad,chaincode.go,fourbroad/chaincode.go,0,0,3.449,NO_FINDINGS
2026-02-09T21:07:57.864675,semgrep:security-audit,p/security-audit,fourbroad,chaincode_example01.go,fourbroad/chaincode_example01.go,0,0,3.456,NO_FINDINGS
2026-02-09T21:08:01.380947,semgrep:security-audit,p/security-audit,fourbroad,chaincode_example02.go,fourbroad/chaincode_example02.go,0,0,3.516,NO_FINDINGS
2026-02-09T21:08:04.839020,semgrep:security-audit,p/security-audit,fourbroad,chaincode_example03.go,fourbroad/chaincode_example03.go,0,0,3.458,NO_FINDINGS
2026-02-09T21:08:08.375745,semgrep:security-audit,p/security-audit,fourbroad,chaincode_example04.go,fourbroad/chaincode_example04.go,0,0,3.537,NO_FINDINGS
2026-02-09T21:08:11.878087,semgrep:security-audit,p/security-audit,fourbroad,chaincode_example05.go,fourbroad/chaincode_example05.go,0,0,3.502,NO_FINDINGS
2026-02-09T21:08:15.358343,semgrep:security-audit,p/security-audit,fourbroad,eventsender.go,fourbroad/eventsender.go,0,0,3.48,NO_FINDINGS
2026-02-09T21:08:18.856081,semgrep:security-audit,p/security-audit,fourbroad,invokereturnsvalue.go,fourbroad/invokereturnsvalue.go,0,0,3.498,NO_FINDINGS
2026-02-09T21:08:22.332395,semgrep:security-audit,p/security-audit,fourbroad,map.go,fourbroad/map.go,0,0,3.476,NO_FINDINGS
2026-02-09T21:08:25.852211,semgrep:security-audit,p/security-audit,fourbroad,marbles_chaincode.go,fourbroad/marbles_chaincode.go,0,0,3.519,NO_FINDINGS
2026-02-09T21:08:29.349292,semgrep:security-audit,p/security-audit,fourbroad,passthru.go,fourbroad/passthru.go,0,0,3.497,NO_FINDINGS
2026-02-09T21:08:32.821409,semgrep:security-audit,p/security-audit,fourbroad,sleeper.go,fourbroad/sleeper.go,0,0,3.472,NO_FINDINGS
2026-02-09T21:08:36.280268,semgrep:security-audit,p/security-audit,freya-zhang,example_cc.go,freya-zhang/example_cc.go,0,0,3.459,NO_FINDINGS
2026-02-09T21:08:39.717260,semgrep:security-audit,p/security-audit,FuradWho,sacc.go,FuradWho/sacc.go,0,0,3.437,NO_FINDINGS
2026-02-09T21:08:43.240091,semgrep:security-audit,p/security-audit,FuradWho,spm.go,FuradWho/spm.go,0,0,3.522,NO_FINDINGS
2026-02-09T21:08:46.776703,semgrep:security-audit,p/security-audit,fushui-Fang,lyan.go,fushui-Fang/lyan.go,0,0,3.537,NO_FINDINGS
2026-02-09T21:08:50.241032,semgrep:security-audit,p/security-audit,Gela-Gunp,nekochain.go,Gela-Gunp/nekochain.go,0,0,3.464,NO_FINDINGS
2026-02-09T21:08:53.876653,semgrep:security-audit,p/security-audit,georgkoester,blacklist_chaincode.go,georgkoester/blacklist_chaincode.go,0,0,3.636,NO_FINDINGS
2026-02-09T21:08:57.394691,semgrep:security-audit,p/security-audit,ggdranzor,chaincode_example02.go,ggdranzor/chaincode_example02.go,0,0,3.518,NO_FINDINGS
2026-02-09T21:09:00.881517,semgrep:security-audit,p/security-audit,giou-k,votingAllinOne.go,giou-k/votingAllinOne.go,0,0,3.487,NO_FINDINGS
2026-02-09T21:09:04.394520,semgrep:security-audit,p/security-audit,global-blockchain,simplechaincode.go,global-blockchain/simplechaincode.go,0,0,3.513,NO_FINDINGS
2026-02-09T21:09:07.836778,semgrep:security-audit,p/security-audit,gorbunovperm,optimum.go,gorbunovperm/optimum.go,0,0,3.441,NO_FINDINGS
2026-02-09T21:09:11.370626,semgrep:security-audit,p/security-audit,grishawh,new.go,grishawh/new.go,0,0,3.534,NO_FINDINGS
2026-02-09T21:09:14.950791,semgrep:security-audit,p/security-audit,gymgle,diploma.go,gymgle/diploma.go,1,0,3.579,[L451] WARNING [generic] | go.lang.security.audit.crypto.use_of_weak_crypto.use-of-md5: Detected MD5 hash algorithm which is considered insecure. MD5 is not collision resistant and is ther
2026-02-09T21:09:18.454262,semgrep:security-audit,p/security-audit,harishtreddy,wabco.go,harishtreddy/wabco.go,0,0,3.503,NO_FINDINGS
2026-02-09T21:09:21.889586,semgrep:security-audit,p/security-audit,haydencoinprima,wallet_chaincode.go,haydencoinprima/wallet_chaincode.go,0,0,3.435,NO_FINDINGS
2026-02-09T21:09:25.446271,semgrep:security-audit,p/security-audit,heixiongTT,simple.go,heixiongTT/simple.go,0,0,3.557,NO_FINDINGS
2026-02-09T21:09:28.920477,semgrep:security-audit,p/security-audit,hhllii,trading.go,hhllii/trading.go,0,0,3.473,NO_FINDINGS
2026-02-09T21:09:32.351473,semgrep:security-audit,p/security-audit,higyigma,hashChainCode.go,higyigma/hashChainCode.go,0,0,3.431,NO_FINDINGS
2026-02-09T21:09:35.812173,semgrep:security-audit,p/security-audit,hisham-sameeh,diamonds.go,hisham-sameeh/diamonds.go,0,0,3.46,NO_FINDINGS
2026-02-09T21:09:39.314141,semgrep:security-audit,p/security-audit,hlf-go,chaincode.go,hlf-go/chaincode.go,0,0,3.501,NO_FINDINGS
2026-02-09T21:09:42.847927,semgrep:security-audit,p/security-audit,hoke58,vendorpdc.go,hoke58/vendorpdc.go,0,0,3.534,NO_FINDINGS
2026-02-09T21:09:46.350530,semgrep:security-audit,p/security-audit,hqiwui,chaincode_example02.go,hqiwui/chaincode_example02.go,0,0,3.503,NO_FINDINGS
2026-02-09T21:09:49.880305,semgrep:security-audit,p/security-audit,hqiwui,demo.go,hqiwui/demo.go,0,0,3.53,NO_FINDINGS
2026-02-09T21:09:53.513420,semgrep:security-audit,p/security-audit,Hulkbero,diamonds.go,Hulkbero/diamonds.go,0,0,3.633,NO_FINDINGS
2026-02-09T21:09:57.085922,semgrep:security-audit,p/security-audit,hungryMob,sendEvent.go,hungryMob/sendEvent.go,0,0,3.571,NO_FINDINGS
2026-02-09T21:10:00.672350,semgrep:security-audit,p/security-audit,hyperledgendary,wasm_contract.go,hyperledgendary/wasm_contract.go,0,0,3.586,NO_FINDINGS
2026-02-09T21:10:04.326093,semgrep:security-audit,p/security-audit,hysn19,sacc.go,hysn19/sacc.go,0,0,3.654,NO_FINDINGS
2026-02-09T21:10:07.839032,semgrep:security-audit,p/security-audit,ianco,cc.go,ianco/cc.go,0,0,3.513,NO_FINDINGS
2026-02-09T21:10:11.568793,semgrep:security-audit,p/security-audit,IBM-Blockchain-Edu-Credit,opp_chaincode.go,IBM-Blockchain-Edu-Credit/opp_chaincode.go,0,0,3.73,NO_FINDINGS
2026-02-09T21:10:15.237203,semgrep:security-audit,p/security-audit,IBM-Blockchain-Edu-Credit,voucher_cc.go,IBM-Blockchain-Edu-Credit/voucher_cc.go,0,0,3.667,NO_FINDINGS
2026-02-09T21:10:19.007497,semgrep:security-audit,p/security-audit,IBM-Blockchain-Starter-Kit,asset_chaincode.go,IBM-Blockchain-Starter-Kit/asset_chaincode.go,0,0,3.77,NO_FINDINGS
2026-02-09T21:10:22.612942,semgrep:security-audit,p/security-audit,idowuakinde,diamonds copy.go,idowuakinde/diamonds copy.go,0,0,3.605,NO_FINDINGS
2026-02-09T21:10:26.180974,semgrep:security-audit,p/security-audit,idowuakinde,diamonds.go,idowuakinde/diamonds.go,0,0,3.568,NO_FINDINGS
2026-02-09T21:10:29.887875,semgrep:security-audit,p/security-audit,imineev,carTrace.go,imineev/carTrace.go,0,0,3.706,NO_FINDINGS
2026-02-09T21:10:33.518700,semgrep:security-audit,p/security-audit,imran-iitp,abac.go,imran-iitp/abac.go,0,0,3.631,NO_FINDINGS
2026-02-09T21:10:37.138529,semgrep:security-audit,p/security-audit,imran-iitp,chaincode.go,imran-iitp/chaincode.go,0,0,3.62,NO_FINDINGS
2026-02-09T21:10:40.803190,semgrep:security-audit,p/security-audit,imran-iitp,high-throughput.go,imran-iitp/high-throughput.go,0,0,3.665,NO_FINDINGS
2026-02-09T21:10:44.340905,semgrep:security-audit,p/security-audit,imran-iitp,marbles_chaincode.go,imran-iitp/marbles_chaincode.go,0,0,3.538,NO_FINDINGS
2026-02-09T21:10:47.882035,semgrep:security-audit,p/security-audit,imran-iitp,sacc.go,imran-iitp/sacc.go,0,0,3.541,NO_FINDINGS
2026-02-09T21:10:51.528079,semgrep:security-audit,p/security-audit,inotnako,main.go,inotnako/main.go,0,0,3.645,NO_FINDINGS
2026-02-09T21:10:55.236721,semgrep:security-audit,p/security-audit,isheejong,carTrace.go,isheejong/carTrace.go,0,0,3.708,NO_FINDINGS
2026-02-09T21:10:58.819352,semgrep:security-audit,p/security-audit,isheejong,m2o.go,isheejong/m2o.go,0,0,3.583,NO_FINDINGS
2026-02-09T21:11:02.617247,semgrep:security-audit,p/security-audit,islamenshawy,diamonds.go,islamenshawy/diamonds.go,0,0,3.798,NO_FINDINGS
2026-02-09T21:11:06.243007,semgrep:security-audit,p/security-audit,issbgkh,store.go,issbgkh/store.go,0,0,3.624,NO_FINDINGS
2026-02-09T21:11:09.813251,semgrep:security-audit,p/security-audit,ivaylopivanov,storage.go,ivaylopivanov/storage.go,0,0,3.57,NO_FINDINGS
2026-02-09T21:11:13.372814,semgrep:security-audit,p/security-audit,ivaylopivanov,wallet.go,ivaylopivanov/wallet.go,0,0,3.56,NO_FINDINGS
2026-02-09T21:11:16.900511,semgrep:security-audit,p/security-audit,jakeeqsb,kwo-rec.go,jakeeqsb/kwo-rec.go,0,0,3.528,NO_FINDINGS
2026-02-09T21:11:20.451458,semgrep:security-audit,p/security-audit,james3443112,chaincode.go,james3443112/chaincode.go,1,0,3.551,[L225] WARNING [generic] | go.lang.security.audit.crypto.use_of_weak_crypto.use-of-md5: Detected MD5 hash algorithm which is considered insecure. MD5 is not collision resistant and is ther
2026-02-09T21:11:24.002352,semgrep:security-audit,p/security-audit,JasonCrash,example_cc.go,JasonCrash/example_cc.go,0,0,3.551,NO_FINDINGS
2026-02-09T21:11:27.598527,semgrep:security-audit,p/security-audit,jasonren0403,_useless.go,jasonren0403/_useless.go,0,0,3.596,NO_FINDINGS
2026-02-09T21:11:31.214035,semgrep:security-audit,p/security-audit,jasonren0403,operations.go,jasonren0403/operations.go,0,0,3.616,NO_FINDINGS
2026-02-09T21:11:34.787635,semgrep:security-audit,p/security-audit,jastisriradheshyam,custom.go,jastisriradheshyam/custom.go,0,0,3.573,NO_FINDINGS
2026-02-09T21:11:38.392852,semgrep:security-audit,p/security-audit,jbibodi,Invoice.go,jbibodi/Invoice.go,0,0,3.605,NO_FINDINGS
2026-02-09T21:11:41.883959,semgrep:security-audit,p/security-audit,JcobCN,sacc.go,JcobCN/sacc.go,0,0,3.491,NO_FINDINGS
2026-02-09T21:11:45.905853,semgrep:security-audit,p/security-audit,jganobsik,chaincode.go,jganobsik/chaincode.go,0,0,4.021,NO_FINDINGS
2026-02-09T21:11:49.459652,semgrep:security-audit,p/security-audit,jiameng15,hkzgcc.go,jiameng15/hkzgcc.go,0,0,3.554,NO_FINDINGS
2026-02-09T21:11:53.021335,semgrep:security-audit,p/security-audit,jinjiaKarl,edu.go,jinjiaKarl/edu.go,1,0,3.561,[L564] WARNING [generic] | go.lang.security.audit.crypto.use_of_weak_crypto.use-of-md5: Detected MD5 hash algorithm which is considered insecure. MD5 is not collision resistant and is ther
2026-02-09T21:11:56.551282,semgrep:security-audit,p/security-audit,jinjiaKarl,energyCommunity.go,jinjiaKarl/energyCommunity.go,1,0,3.53,[L104] WARNING [generic] | go.lang.security.audit.crypto.use_of_weak_crypto.use-of-md5: Detected MD5 hash algorithm which is considered insecure. MD5 is not collision resistant and is ther
2026-02-09T21:12:00.414901,semgrep:security-audit,p/security-audit,jinjiaKarl,token.go,jinjiaKarl/token.go,0,0,3.864,NO_FINDINGS
2026-02-09T21:12:04.129169,semgrep:security-audit,p/security-audit,jinjiaKarl,vote.go,jinjiaKarl/vote.go,0,0,3.714,NO_FINDINGS
2026-02-09T21:12:07.832781,semgrep:security-audit,p/security-audit,jinnyjinnyjinjin-zz,chaincode_example02.go,jinnyjinnyjinjin-zz/chaincode_example02.go,0,0,3.704,NO_FINDINGS
2026-02-09T21:12:11.504058,semgrep:security-audit,p/security-audit,JiSeungGu,chaincode.go,JiSeungGu/chaincode.go,0,0,3.671,NO_FINDINGS
2026-02-09T21:12:15.102266,semgrep:security-audit,p/security-audit,JohnnyKuo99,basic.go,JohnnyKuo99/basic.go,0,0,3.598,NO_FINDINGS
2026-02-09T21:12:18.800371,semgrep:security-audit,p/security-audit,JohnnyKuo99,fabcar.go,JohnnyKuo99/fabcar.go,0,0,3.698,NO_FINDINGS
2026-02-09T21:12:22.437053,semgrep:security-audit,p/security-audit,JohnnyKuo99,marbles_chaincode.go,JohnnyKuo99/marbles_chaincode.go,0,0,3.637,NO_FINDINGS
2026-02-09T21:12:26.077408,semgrep:security-audit,p/security-audit,jonyjones96,chaincode_example02.go,jonyjones96/chaincode_example02.go,0,0,3.64,NO_FINDINGS
2026-02-09T21:12:29.642470,semgrep:security-audit,p/security-audit,jonyjones96,fabcar.go,jonyjones96/fabcar.go,0,0,3.565,NO_FINDINGS
2026-02-09T21:12:33.209645,semgrep:security-audit,p/security-audit,jonyjones96,fyp.go,jonyjones96/fyp.go,0,0,3.566,NO_FINDINGS
2026-02-09T21:12:36.675814,semgrep:security-audit,p/security-audit,jonyjones96,marbles_chaincode.go,jonyjones96/marbles_chaincode.go,0,0,3.466,NO_FINDINGS
2026-02-09T21:12:40.128789,semgrep:security-audit,p/security-audit,jonyjones96,sacc.go,jonyjones96/sacc.go,0,0,3.453,NO_FINDINGS
2026-02-09T21:12:43.695911,semgrep:security-audit,p/security-audit,joseprados,ReadingAsset.go,joseprados/ReadingAsset.go,0,0,3.567,NO_FINDINGS
2026-02-09T21:12:47.200969,semgrep:security-audit,p/security-audit,juniorug,abac.go,juniorug/abac.go,0,0,3.505,NO_FINDINGS
2026-02-09T21:12:50.689098,semgrep:security-audit,p/security-audit,juniorug,abstore.go,juniorug/abstore.go,0,0,3.487,NO_FINDINGS
2026-02-09T21:12:54.230826,semgrep:security-audit,p/security-audit,juniorug,audit.go,juniorug/audit.go,0,0,3.542,NO_FINDINGS
2026-02-09T21:12:58.124570,semgrep:security-audit,p/security-audit,juniorug,chaincode.go,juniorug/chaincode.go,0,0,3.893,NO_FINDINGS
2026-02-09T21:13:01.763469,semgrep:security-audit,p/security-audit,juniorug,foodSCM.go,juniorug/foodSCM.go,0,0,3.639,NO_FINDINGS
2026-02-09T21:13:05.499884,semgrep:security-audit,p/security-audit,juniorug,high-throughput.go,juniorug/high-throughput.go,0,0,3.736,NO_FINDINGS
2026-02-09T21:13:09.053582,semgrep:security-audit,p/security-audit,juniorug,marbles_chaincode.go,juniorug/marbles_chaincode.go,0,0,3.554,NO_FINDINGS
2026-02-09T21:13:12.539013,semgrep:security-audit,p/security-audit,juniorug,marbles_chaincode_private.go,juniorug/marbles_chaincode_private.go,0,0,3.484,NO_FINDINGS
2026-02-09T21:13:16.081022,semgrep:security-audit,p/security-audit,juniorug,sacc.go,juniorug/sacc.go,0,0,3.542,NO_FINDINGS
2026-02-09T21:13:19.610854,semgrep:security-audit,p/security-audit,jyotku48,PurchaseOrder.go,jyotku48/PurchaseOrder.go,0,0,3.53,NO_FINDINGS
2026-02-09T21:13:23.015820,semgrep:security-audit,p/security-audit,KarthikSamaganam550,abac.go,KarthikSamaganam550/abac.go,0,0,3.404,NO_FINDINGS
2026-02-09T21:13:26.498214,semgrep:security-audit,p/security-audit,KarthikSamaganam550,marbles_chaincode.go,KarthikSamaganam550/marbles_chaincode.go,0,0,3.482,NO_FINDINGS
2026-02-09T21:13:30.093778,semgrep:security-audit,p/security-audit,KarthikSamaganam550,sacc.go,KarthikSamaganam550/sacc.go,0,0,3.595,NO_FINDINGS
2026-02-09T21:13:33.663968,semgrep:security-audit,p/security-audit,karthiksukumaran,example_chaincode.go,karthiksukumaran/example_chaincode.go,0,0,3.57,NO_FINDINGS
2026-02-09T21:13:37.303199,semgrep:security-audit,p/security-audit,kavixooa,GetSetDelCC.go,kavixooa/GetSetDelCC.go,0,0,3.637,NO_FINDINGS
2026-02-09T21:13:40.918011,semgrep:security-audit,p/security-audit,Kayaanoosh,fabcar.go,Kayaanoosh/fabcar.go,0,0,3.615,NO_FINDINGS
2026-02-09T21:13:44.549106,semgrep:security-audit,p/security-audit,Kayaanoosh,Proto1.go,Kayaanoosh/Proto1.go,0,0,3.631,NO_FINDINGS
2026-02-09T21:13:48.087708,semgrep:security-audit,p/security-audit,kirtana01,normalchaincode1.go,kirtana01/normalchaincode1.go,0,0,3.539,NO_FINDINGS
2026-02-09T21:13:51.543742,semgrep:security-audit,p/security-audit,kmazz,sample.go,kmazz/sample.go,0,0,3.456,NO_FINDINGS
2026-02-09T21:13:55.116405,semgrep:security-audit,p/security-audit,kmiyachi,abac.go,kmiyachi/abac.go,0,0,3.573,NO_FINDINGS
2026-02-09T21:13:58.544659,semgrep:security-audit,p/security-audit,kmiyachi,abstore.go,kmiyachi/abstore.go,0,0,3.428,NO_FINDINGS
2026-02-09T21:14:02.112090,semgrep:security-audit,p/security-audit,kmiyachi,fabcar.go,kmiyachi/fabcar.go,0,0,3.567,NO_FINDINGS
2026-02-09T21:14:05.609960,semgrep:security-audit,p/security-audit,kmiyachi,ledgersafe-chaincode.go,kmiyachi/ledgersafe-chaincode.go,0,0,3.498,NO_FINDINGS
2026-02-09T21:14:09.113990,semgrep:security-audit,p/security-audit,kmiyachi,ledgersafe_cc.go,kmiyachi/ledgersafe_cc.go,0,0,3.504,NO_FINDINGS
2026-02-09T21:14:12.621966,semgrep:security-audit,p/security-audit,kmiyachi,marbles_chaincode.go,kmiyachi/marbles_chaincode.go,0,0,3.508,NO_FINDINGS
2026-02-09T21:14:16.106961,semgrep:security-audit,p/security-audit,kmiyachi,marbles_chaincode_private.go,kmiyachi/marbles_chaincode_private.go,0,0,3.484,NO_FINDINGS
2026-02-09T21:14:19.606759,semgrep:security-audit,p/security-audit,kmiyachi,sacc.go,kmiyachi/sacc.go,0,0,3.5,NO_FINDINGS
2026-02-09T21:14:23.177003,semgrep:security-audit,p/security-audit,koakh,chaincode.go,koakh/chaincode.go,0,0,3.57,NO_FINDINGS
2026-02-09T21:14:26.904882,semgrep:security-audit,p/security-audit,koakh,configure.go,koakh/configure.go,0,0,3.728,NO_FINDINGS
2026-02-09T21:14:30.461708,semgrep:security-audit,p/security-audit,koakh,init_private_data.go,koakh/init_private_data.go,0,0,3.557,NO_FINDINGS
2026-02-09T21:14:34.054838,semgrep:security-audit,p/security-audit,koakh,init_public_data.go,koakh/init_public_data.go,0,0,3.593,NO_FINDINGS
2026-02-09T21:14:37.611652,semgrep:security-audit,p/security-audit,koakh,lscc.go,koakh/lscc.go,0,0,3.557,NO_FINDINGS
2026-02-09T21:14:41.184629,semgrep:security-audit,p/security-audit,koakh,marbles_chaincode.go,koakh/marbles_chaincode.go,0,0,3.573,NO_FINDINGS
2026-02-09T21:14:44.734063,semgrep:security-audit,p/security-audit,KolevDarko,kyc-chaincode.go,KolevDarko/kyc-chaincode.go,0,0,3.549,NO_FINDINGS
2026-02-09T21:14:48.227009,semgrep:security-audit,p/security-audit,komaldhiman112,material-trace.go,komaldhiman112/material-trace.go,0,0,3.492,NO_FINDINGS
2026-02-09T21:14:51.908127,semgrep:security-audit,p/security-audit,krishna-suman,chaincode_example02.go,krishna-suman/chaincode_example02.go,0,0,3.68,NO_FINDINGS
2026-02-09T21:14:55.339182,semgrep:security-audit,p/security-audit,KSR4599,erc20.go,KSR4599/erc20.go,0,0,3.431,NO_FINDINGS
2026-02-09T21:14:58.795989,semgrep:security-audit,p/security-audit,KSR4599,Interm.go,KSR4599/Interm.go,0,0,3.457,NO_FINDINGS
2026-02-09T21:15:02.401079,semgrep:security-audit,p/security-audit,KTyrantOnly,crowdTest.go,KTyrantOnly/crowdTest.go,0,0,3.605,NO_FINDINGS
2026-02-09T21:15:05.966285,semgrep:security-audit,p/security-audit,lafenicecc,chaincode_example02.go,lafenicecc/chaincode_example02.go,0,0,3.565,NO_FINDINGS
2026-02-09T21:15:09.456544,semgrep:security-audit,p/security-audit,lafenicecc,map.go,lafenicecc/map.go,0,0,3.49,NO_FINDINGS
2026-02-09T21:15:13.057347,semgrep:security-audit,p/security-audit,lafenicecc,marbles_chaincode.go,lafenicecc/marbles_chaincode.go,0,0,3.601,NO_FINDINGS
2026-02-09T21:15:16.480109,semgrep:security-audit,p/security-audit,lafenicecc,passthru.go,lafenicecc/passthru.go,0,0,3.422,NO_FINDINGS
2026-02-09T21:15:20.082330,semgrep:security-audit,p/security-audit,lay-z,marbles.go,lay-z/marbles.go,0,0,3.602,NO_FINDINGS
2026-02-09T21:15:24.002515,semgrep:security-audit,p/security-audit,lcy1317,chaincode.go,lcy1317/chaincode.go,0,0,3.92,NO_FINDINGS
2026-02-09T21:15:28.028690,semgrep:security-audit,p/security-audit,LinkaKorea,linkatoken.go,LinkaKorea/linkatoken.go,0,0,4.026,NO_FINDINGS
2026-02-09T21:15:31.685219,semgrep:security-audit,p/security-audit,linqd1,chaincode.go,linqd1/chaincode.go,0,0,3.657,NO_FINDINGS
2026-02-09T21:15:35.284291,semgrep:security-audit,p/security-audit,linqd1,eventsender.go,linqd1/eventsender.go,0,0,3.599,NO_FINDINGS
2026-02-09T21:15:38.790359,semgrep:security-audit,p/security-audit,linqd1,invokereturnsvalue.go,linqd1/invokereturnsvalue.go,0,0,3.506,NO_FINDINGS
2026-02-09T21:15:42.301900,semgrep:security-audit,p/security-audit,linqd1,map.go,linqd1/map.go,0,0,3.512,NO_FINDINGS
2026-02-09T21:15:46.005900,semgrep:security-audit,p/security-audit,linqd1,marbles_chaincode.go,linqd1/marbles_chaincode.go,0,0,3.704,NO_FINDINGS
2026-02-09T21:15:49.431826,semgrep:security-audit,p/security-audit,linqd1,passthru.go,linqd1/passthru.go,0,0,3.426,NO_FINDINGS
2026-02-09T21:15:52.856042,semgrep:security-audit,p/security-audit,linqd1,sleeper.go,linqd1/sleeper.go,0,0,3.424,NO_FINDINGS
2026-02-09T21:15:56.317527,semgrep:security-audit,p/security-audit,linuxone-community-cloud,chaincode_example02.go,linuxone-community-cloud/chaincode_example02.go,0,0,3.461,NO_FINDINGS
2026-02-09T21:15:59.819129,semgrep:security-audit,p/security-audit,liuhuanyuxcx,e2e.go,liuhuanyuxcx/e2e.go,0,0,3.502,NO_FINDINGS
2026-02-09T21:16:03.338837,semgrep:security-audit,p/security-audit,liuhuanyuxcx,marbles02.go,liuhuanyuxcx/marbles02.go,0,0,3.52,NO_FINDINGS
2026-02-09T21:16:06.828411,semgrep:security-audit,p/security-audit,liujingkun2017,chaincode_example.go,liujingkun2017/chaincode_example.go,0,0,3.49,NO_FINDINGS
2026-02-09T21:16:10.361914,semgrep:security-audit,p/security-audit,lmj101910,car.go,lmj101910/car.go,0,0,3.534,NO_FINDINGS
2026-02-09T21:16:14.016927,semgrep:security-audit,p/security-audit,loganlomackon,calc.go,loganlomackon/calc.go,0,0,3.652,NO_FINDINGS
2026-02-09T21:16:17.525123,semgrep:security-audit,p/security-audit,loganlomackon,caller.go,loganlomackon/caller.go,0,0,3.508,NO_FINDINGS
2026-02-09T21:16:21.057794,semgrep:security-audit,p/security-audit,loganlomackon,chaincode_example02.go,loganlomackon/chaincode_example02.go,0,0,3.533,NO_FINDINGS
2026-02-09T21:16:24.595822,semgrep:security-audit,p/security-audit,loganlomackon,erc20.go,loganlomackon/erc20.go,0,0,3.537,NO_FINDINGS
2026-02-09T21:16:28.068216,semgrep:security-audit,p/security-audit,loganlomackon,priv.go,loganlomackon/priv.go,0,0,3.472,NO_FINDINGS
2026-02-09T21:16:31.544947,semgrep:security-audit,p/security-audit,loganlomackon,qry.go,loganlomackon/qry.go,0,0,3.476,NO_FINDINGS
2026-02-09T21:16:35.054314,semgrep:security-audit,p/security-audit,loganlomackon,token.go,loganlomackon/token.go,0,0,3.509,NO_FINDINGS
2026-02-09T21:16:38.599633,semgrep:security-audit,p/security-audit,lujiean,abac.go,lujiean/abac.go,0,0,3.544,NO_FINDINGS
2026-02-09T21:16:42.252272,semgrep:security-audit,p/security-audit,lujiean,chaincode_example02.go,lujiean/chaincode_example02.go,0,0,3.653,NO_FINDINGS
2026-02-09T21:16:45.714674,semgrep:security-audit,p/security-audit,lujiean,fabcar.go,lujiean/fabcar.go,0,0,3.462,NO_FINDINGS
2026-02-09T21:16:49.286946,semgrep:security-audit,p/security-audit,lujiean,marbles_chaincode.go,lujiean/marbles_chaincode.go,0,0,3.571,NO_FINDINGS
2026-02-09T21:16:52.764234,semgrep:security-audit,p/security-audit,lujiean,marbles_chaincode_private.go,lujiean/marbles_chaincode_private.go,0,0,3.477,NO_FINDINGS
2026-02-09T21:16:56.198856,semgrep:security-audit,p/security-audit,lujiean,sacc.go,lujiean/sacc.go,0,0,3.435,NO_FINDINGS
2026-02-09T21:16:59.625765,semgrep:security-audit,p/security-audit,lutianYan,myHospital.go,lutianYan/myHospital.go,0,0,3.427,NO_FINDINGS
2026-02-09T21:17:03.153482,semgrep:security-audit,p/security-audit,lzb13612,example.go,lzb13612/example.go,0,0,3.528,NO_FINDINGS
2026-02-09T21:17:06.634053,semgrep:security-audit,p/security-audit,lzb13612,user.go,lzb13612/user.go,0,0,3.481,NO_FINDINGS
2026-02-09T21:17:10.201529,semgrep:security-audit,p/security-audit,mailtokartik1,sampleChainCode.go,mailtokartik1/sampleChainCode.go,0,0,3.566,NO_FINDINGS
2026-02-09T21:17:13.754914,semgrep:security-audit,p/security-audit,malkani-kamal,autonomy_chain.go,malkani-kamal/autonomy_chain.go,0,0,3.553,NO_FINDINGS
2026-02-09T21:17:17.261360,semgrep:security-audit,p/security-audit,malkani-kamal,camera_data.go,malkani-kamal/camera_data.go,0,0,3.506,NO_FINDINGS
2026-02-09T21:17:20.815795,semgrep:security-audit,p/security-audit,mallikarjunasai995,marbles.go,mallikarjunasai995/marbles.go,0,0,3.554,NO_FINDINGS
2026-02-09T21:17:24.304002,semgrep:security-audit,p/security-audit,marcelaadan,diamonds.go,marcelaadan/diamonds.go,0,0,3.487,NO_FINDINGS
2026-02-09T21:17:28.009383,semgrep:security-audit,p/security-audit,martingdela,halley.go,martingdela/halley.go,0,0,3.705,NO_FINDINGS
2026-02-09T21:17:31.791422,semgrep:security-audit,p/security-audit,mattheleon-itpeople,main.go,mattheleon-itpeople/main.go,0,0,3.782,NO_FINDINGS
2026-02-09T21:17:35.643850,semgrep:security-audit,p/security-audit,mattias7295,payment.go,mattias7295/payment.go,0,0,3.851,NO_FINDINGS
2026-02-09T21:17:39.390336,semgrep:security-audit,p/security-audit,mdarin,sacc.go,mdarin/sacc.go,0,0,3.745,NO_FINDINGS
2026-02-09T21:17:43.066251,semgrep:security-audit,p/security-audit,medoamanquer,diamonds.go,medoamanquer/diamonds.go,0,0,3.675,NO_FINDINGS
2026-02-09T21:17:46.720151,semgrep:security-audit,p/security-audit,Medullus,main_router.go,Medullus/main_router.go,0,0,3.654,NO_FINDINGS
2026-02-09T21:17:50.257215,semgrep:security-audit,p/security-audit,MennaAnees,diamonds.go,MennaAnees/diamonds.go,0,0,3.537,NO_FINDINGS
2026-02-09T21:17:53.790938,semgrep:security-audit,p/security-audit,MetacoinPlatform,MetaCoin.go,MetacoinPlatform/MetaCoin.go,0,0,3.534,NO_FINDINGS
2026-02-09T21:17:57.343787,semgrep:security-audit,p/security-audit,MisterPineapple,chaincode1.go,MisterPineapple/chaincode1.go,0,0,3.553,NO_FINDINGS
2026-02-09T21:18:00.997781,semgrep:security-audit,p/security-audit,MohammadGhoneem89,testcc.go,MohammadGhoneem89/testcc.go,0,0,3.654,NO_FINDINGS
2026-02-09T21:18:04.618328,semgrep:security-audit,p/security-audit,motoreq,sc_main.go,motoreq/sc_main.go,0,0,3.621,NO_FINDINGS
2026-02-09T21:18:08.277653,semgrep:security-audit,p/security-audit,Mr-lay,contract_chaincode.go,Mr-lay/contract_chaincode.go,0,0,3.659,NO_FINDINGS
2026-02-09T21:18:11.833416,semgrep:security-audit,p/security-audit,mrpuri,fashion.go,mrpuri/fashion.go,0,0,3.555,NO_FINDINGS
2026-02-09T21:18:15.507623,semgrep:security-audit,p/security-audit,MSaber9,diamonds.go,MSaber9/diamonds.go,0,0,3.674,NO_FINDINGS
2026-02-09T21:18:19.037030,semgrep:security-audit,p/security-audit,msedzins,simpleAsset.go,msedzins/simpleAsset.go,0,0,3.529,NO_FINDINGS
2026-02-09T21:18:22.768438,semgrep:security-audit,p/security-audit,mukherjeearnab,chaincode.go,mukherjeearnab/chaincode.go,0,0,3.731,NO_FINDINGS
2026-02-09T21:18:26.321098,semgrep:security-audit,p/security-audit,murlionline,product_review.go,murlionline/product_review.go,0,0,3.553,NO_FINDINGS
2026-02-09T21:18:29.871530,semgrep:security-audit,p/security-audit,nagarajmanjunath,fileData.go,nagarajmanjunath/fileData.go,0,0,3.55,NO_FINDINGS
2026-02-09T21:18:33.457588,semgrep:security-audit,p/security-audit,narayanprusty,identity_chaincode.go,narayanprusty/identity_chaincode.go,0,0,3.586,NO_FINDINGS
2026-02-09T21:18:37.048612,semgrep:security-audit,p/security-audit,narayanprusty,property_chaincode.go,narayanprusty/property_chaincode.go,0,0,3.591,NO_FINDINGS
2026-02-09T21:18:40.539194,semgrep:security-audit,p/security-audit,narayanprusty,voting-chaincode.go,narayanprusty/voting-chaincode.go,0,0,3.491,NO_FINDINGS
2026-02-09T21:18:44.385956,semgrep:security-audit,p/security-audit,neelbanker,abac.go,neelbanker/abac.go,0,0,3.845,NO_FINDINGS
2026-02-09T21:18:47.933436,semgrep:security-audit,p/security-audit,neelbanker,chaincode_example02.go,neelbanker/chaincode_example02.go,0,0,3.547,NO_FINDINGS
2026-02-09T21:18:51.459275,semgrep:security-audit,p/security-audit,neelbanker,fabcar.go,neelbanker/fabcar.go,0,0,3.526,NO_FINDINGS
2026-02-09T21:18:54.929554,semgrep:security-audit,p/security-audit,neelbanker,marbles_chaincode.go,neelbanker/marbles_chaincode.go,0,0,3.47,NO_FINDINGS
2026-02-09T21:18:58.402040,semgrep:security-audit,p/security-audit,neelbanker,marbles_chaincode_private.go,neelbanker/marbles_chaincode_private.go,0,0,3.471,NO_FINDINGS
2026-02-09T21:19:01.943900,semgrep:security-audit,p/security-audit,neelbanker,product_chaincode_private.go,neelbanker/product_chaincode_private.go,0,0,3.542,NO_FINDINGS
2026-02-09T21:19:05.433606,semgrep:security-audit,p/security-audit,neelbanker,sacc.go,neelbanker/sacc.go,0,0,3.489,NO_FINDINGS
2026-02-09T21:19:09.241454,semgrep:security-audit,p/security-audit,neeraj-badhani,chaincodeexample01.go,neeraj-badhani/chaincodeexample01.go,0,0,3.808,NO_FINDINGS
2026-02-09T21:19:12.716782,semgrep:security-audit,p/security-audit,nehaprashantmutke,samplechaincode.go,nehaprashantmutke/samplechaincode.go,0,0,3.475,NO_FINDINGS
2026-02-09T21:19:16.353451,semgrep:security-audit,p/security-audit,netkiller,gasoline.go,netkiller/gasoline.go,0,0,3.637,NO_FINDINGS
2026-02-09T21:19:20.007120,semgrep:security-audit,p/security-audit,netkiller,General.go,netkiller/General.go,0,0,3.654,NO_FINDINGS
2026-02-09T21:19:23.539023,semgrep:security-audit,p/security-audit,netkiller,state.go,netkiller/state.go,0,0,3.532,NO_FINDINGS
2026-02-09T21:19:27.093394,semgrep:security-audit,p/security-audit,netkiller,token1.go,netkiller/token1.go,0,0,3.553,NO_FINDINGS
2026-02-09T21:19:30.667111,semgrep:security-audit,p/security-audit,netkiller,token3.go,netkiller/token3.go,0,0,3.574,NO_FINDINGS
2026-02-09T21:19:34.299389,semgrep:security-audit,p/security-audit,netkiller,token4.go,netkiller/token4.go,0,0,3.631,NO_FINDINGS
2026-02-09T21:19:37.801107,semgrep:security-audit,p/security-audit,nguyentb,chaincode.go,nguyentb/chaincode.go,0,0,3.502,NO_FINDINGS
2026-02-09T21:19:41.316043,semgrep:security-audit,p/security-audit,NightShards,main.go,NightShards/main.go,0,0,3.515,NO_FINDINGS
2026-02-09T21:19:44.911308,semgrep:security-audit,p/security-audit,nitesh7sid,chaincode_example02.go,nitesh7sid/chaincode_example02.go,0,0,3.595,NO_FINDINGS
2026-02-09T21:19:48.456793,semgrep:security-audit,p/security-audit,nitesh7sid,fabcar.go,nitesh7sid/fabcar.go,0,0,3.545,NO_FINDINGS
2026-02-09T21:19:52.154464,semgrep:security-audit,p/security-audit,nitesh7sid,helloWorld.go,nitesh7sid/helloWorld.go,0,0,3.696,NO_FINDINGS
2026-02-09T21:19:55.772496,semgrep:security-audit,p/security-audit,nitesh7sid,marbles_chaincode.go,nitesh7sid/marbles_chaincode.go,0,0,3.618,NO_FINDINGS
2026-02-09T21:19:59.449654,semgrep:security-audit,p/security-audit,nitesh7sid,sacc.go,nitesh7sid/sacc.go,0,0,3.677,NO_FINDINGS
2026-02-09T21:20:02.982286,semgrep:security-audit,p/security-audit,nitesh7sid,simplechaincode.go,nitesh7sid/simplechaincode.go,0,0,3.532,NO_FINDINGS
2026-02-09T21:20:06.530918,semgrep:security-audit,p/security-audit,nitesh7sid,test.go,nitesh7sid/test.go,0,0,3.548,NO_FINDINGS
2026-02-09T21:20:10.032923,semgrep:security-audit,p/security-audit,nmatsui,fabric-payment.go,nmatsui/fabric-payment.go,0,0,3.501,NO_FINDINGS
2026-02-09T21:20:13.607410,semgrep:security-audit,p/security-audit,noatt,main.go,noatt/main.go,0,0,3.574,NO_FINDINGS
2026-02-09T21:20:17.263647,semgrep:security-audit,p/security-audit,Noonefang,chaincode.go,Noonefang/chaincode.go,1,0,3.656,[L196] WARNING [generic] | go.lang.security.audit.crypto.use_of_weak_crypto.use-of-md5: Detected MD5 hash algorithm which is considered insecure. MD5 is not collision resistant and is ther
2026-02-09T21:20:20.774789,semgrep:security-audit,p/security-audit,odrodrig,sacc.go,odrodrig/sacc.go,0,0,3.511,NO_FINDINGS
2026-02-09T21:20:24.734357,semgrep:security-audit,p/security-audit,off-grid-block,chaincode.go,off-grid-block/chaincode.go,0,0,3.96,NO_FINDINGS
2026-02-09T21:20:28.393053,semgrep:security-audit,p/security-audit,off-grid-block,main.go,off-grid-block/main.go,0,0,3.659,NO_FINDINGS
2026-02-09T21:20:31.935874,semgrep:security-audit,p/security-audit,OneChainGeek,main.go,OneChainGeek/main.go,0,0,3.543,NO_FINDINGS
2026-02-09T21:20:35.506060,semgrep:security-audit,p/security-audit,oneminutenotes,smartcontract.go,oneminutenotes/smartcontract.go,0,0,3.57,NO_FINDINGS
2026-02-09T21:20:39.055226,semgrep:security-audit,p/security-audit,OpenDataDLT,evmcc.go,OpenDataDLT/evmcc.go,0,0,3.549,NO_FINDINGS
2026-02-09T21:20:42.669124,semgrep:security-audit,p/security-audit,PandaManPMC,example1.go,PandaManPMC/example1.go,0,0,3.614,NO_FINDINGS
2026-02-09T21:20:46.124764,semgrep:security-audit,p/security-audit,pankajcheema,dummyuser.go,pankajcheema/dummyuser.go,0,0,3.456,NO_FINDINGS
2026-02-09T21:20:49.815955,semgrep:security-audit,p/security-audit,papandas,fabric-payment.go,papandas/fabric-payment.go,0,0,3.691,NO_FINDINGS
2026-02-09T21:20:53.262245,semgrep:security-audit,p/security-audit,Parag08,wallet.go,Parag08/wallet.go,0,0,3.445,NO_FINDINGS
2026-02-09T21:20:56.740809,semgrep:security-audit,p/security-audit,pavanirao,fabcar.go,pavanirao/fabcar.go,0,0,3.479,NO_FINDINGS
2026-02-09T21:21:00.328125,semgrep:security-audit,p/security-audit,pavanirao,Proto1.go,pavanirao/Proto1.go,0,0,3.586,NO_FINDINGS
2026-02-09T21:21:03.894550,semgrep:security-audit,p/security-audit,pavva91,trustreputationledger.go,pavva91/trustreputationledger.go,0,0,3.566,NO_FINDINGS
2026-02-09T21:21:07.400159,semgrep:security-audit,p/security-audit,payprotocol,main.go,payprotocol/main.go,0,0,3.506,NO_FINDINGS
2026-02-09T21:21:10.921851,semgrep:security-audit,p/security-audit,pchaivong,hyperledger-cc.go,pchaivong/hyperledger-cc.go,0,0,3.521,NO_FINDINGS
2026-02-09T21:21:14.452069,semgrep:security-audit,p/security-audit,peteim,fabric_cc.go,peteim/fabric_cc.go,0,0,3.53,NO_FINDINGS
2026-02-09T21:21:17.993257,semgrep:security-audit,p/security-audit,Pharmeum,chaincode.go,Pharmeum/chaincode.go,0,0,3.541,NO_FINDINGS
2026-02-09T21:21:21.472292,semgrep:security-audit,p/security-audit,phong101665,fabcar.go,phong101665/fabcar.go,0,0,3.479,NO_FINDINGS
2026-02-09T21:21:25.173208,semgrep:security-audit,p/security-audit,piedup,pop.go,piedup/pop.go,0,0,3.7,NO_FINDINGS
2026-02-09T21:21:28.724985,semgrep:security-audit,p/security-audit,piyushkumar96,main.go,piyushkumar96/main.go,0,0,3.552,NO_FINDINGS
2026-02-09T21:21:32.389269,semgrep:security-audit,p/security-audit,prabhu94,carTrace_v1.go,prabhu94/carTrace_v1.go,0,0,3.664,NO_FINDINGS
2026-02-09T21:21:36.025830,semgrep:security-audit,p/security-audit,prabhu94,Healthcare.go,prabhu94/Healthcare.go,0,0,3.637,NO_FINDINGS
2026-02-09T21:21:39.683525,semgrep:security-audit,p/security-audit,prabhu94,healthcare_v1.go,prabhu94/healthcare_v1.go,0,0,3.658,NO_FINDINGS
2026-02-09T21:21:43.501896,semgrep:security-audit,p/security-audit,prabhu94,visitflow.go,prabhu94/visitflow.go,0,0,3.818,NO_FINDINGS
2026-02-09T21:21:47.181598,semgrep:security-audit,p/security-audit,procrypt,SmartContract.go,procrypt/SmartContract.go,0,0,3.679,NO_FINDINGS
2026-02-09T21:21:50.905009,semgrep:security-audit,p/security-audit,project-smartlog,Keystore.go,project-smartlog/Keystore.go,0,0,3.722,NO_FINDINGS
2026-02-09T21:21:54.558068,semgrep:security-audit,p/security-audit,project-smartlog,TransportChain.go,project-smartlog/TransportChain.go,0,0,3.652,NO_FINDINGS
2026-02-09T21:21:58.202965,semgrep:security-audit,p/security-audit,project-smartlog,UBL.go,project-smartlog/UBL.go,0,0,3.644,NO_FINDINGS
2026-02-09T21:22:01.816884,semgrep:security-audit,p/security-audit,qiushaoxi,chaincode_union_loan.go,qiushaoxi/chaincode_union_loan.go,0,0,3.614,NO_FINDINGS
2026-02-09T21:22:05.634112,semgrep:security-audit,p/security-audit,qubing,balance_mgr.go,qubing/balance_mgr.go,0,0,3.817,NO_FINDINGS
2026-02-09T21:22:09.179192,semgrep:security-audit,p/security-audit,qubing,chaincode-api-go.go,qubing/chaincode-api-go.go,0,0,3.545,NO_FINDINGS
2026-02-09T21:22:12.858793,semgrep:security-audit,p/security-audit,qubing,main.go,qubing/main.go,0,0,3.679,NO_FINDINGS
2026-02-09T21:22:16.394549,semgrep:security-audit,p/security-audit,qubing,relay_adapter.go,qubing/relay_adapter.go,0,0,3.535,NO_FINDINGS
2026-02-09T21:22:19.934600,semgrep:security-audit,p/security-audit,radouane-karra,example01.go,radouane-karra/example01.go,0,0,3.54,NO_FINDINGS
2026-02-09T21:22:23.631243,semgrep:security-audit,p/security-audit,radouane-karra,example02.go,radouane-karra/example02.go,0,0,3.697,NO_FINDINGS
2026-02-09T21:22:27.221474,semgrep:security-audit,p/security-audit,RaeHowe,example_cc.go,RaeHowe/example_cc.go,0,0,3.59,NO_FINDINGS
2026-02-09T21:22:30.880590,semgrep:security-audit,p/security-audit,rahulEth,main.go,rahulEth/main.go,0,0,3.659,NO_FINDINGS
2026-02-09T21:22:34.454490,semgrep:security-audit,p/security-audit,raidinesh,fabsc.go,raidinesh/fabsc.go,0,0,3.574,NO_FINDINGS
2026-02-09T21:22:38.108998,semgrep:security-audit,p/security-audit,RakhiSoni,abac.go,RakhiSoni/abac.go,0,0,3.655,NO_FINDINGS
2026-02-09T21:22:41.685887,semgrep:security-audit,p/security-audit,RakhiSoni,chaincode_example02.go,RakhiSoni/chaincode_example02.go,0,0,3.577,NO_FINDINGS
2026-02-09T21:22:45.236450,semgrep:security-audit,p/security-audit,RakhiSoni,fabcar.go,RakhiSoni/fabcar.go,0,0,3.55,NO_FINDINGS
2026-02-09T21:22:48.857581,semgrep:security-audit,p/security-audit,RakhiSoni,fChaincode.go,RakhiSoni/fChaincode.go,0,0,3.62,NO_FINDINGS
2026-02-09T21:22:52.477106,semgrep:security-audit,p/security-audit,RakhiSoni,marbles_chaincode.go,RakhiSoni/marbles_chaincode.go,0,0,3.62,NO_FINDINGS
2026-02-09T21:22:56.246772,semgrep:security-audit,p/security-audit,RakhiSoni,marbles_chaincode_private.go,RakhiSoni/marbles_chaincode_private.go,0,0,3.77,NO_FINDINGS
2026-02-09T21:22:59.915842,semgrep:security-audit,p/security-audit,RakhiSoni,sacc.go,RakhiSoni/sacc.go,0,0,3.669,NO_FINDINGS
2026-02-09T21:23:03.613113,semgrep:security-audit,p/security-audit,RAntonio09,ccConsortium.go,RAntonio09/ccConsortium.go,0,0,3.697,NO_FINDINGS
2026-02-09T21:23:07.259642,semgrep:security-audit,p/security-audit,RathikaSnowflake,chaincode_example02.go,RathikaSnowflake/chaincode_example02.go,0,0,3.647,NO_FINDINGS
2026-02-09T21:23:10.716172,semgrep:security-audit,p/security-audit,ravinayag,chaincode.go,ravinayag/chaincode.go,0,0,3.456,NO_FINDINGS
2026-02-09T21:23:14.280621,semgrep:security-audit,p/security-audit,ReallyBigIndex-JavaApps,chaincode_example02.go,ReallyBigIndex-JavaApps/chaincode_example02.go,0,0,3.564,NO_FINDINGS
2026-02-09T21:23:18.059987,semgrep:security-audit,p/security-audit,rfrabasile,cc_example_footballbet.go,rfrabasile/cc_example_footballbet.go,1,0,3.778,[L139] WARNING [generic] | go.lang.security.audit.crypto.use_of_weak_crypto.use-of-sha1: Detected SHA1 hash algorithm which is considered insecure. SHA1 is not collision resistant and is th
2026-02-09T21:23:21.698515,semgrep:security-audit,p/security-audit,richardfelkl,main.go,richardfelkl/main.go,0,0,3.639,NO_FINDINGS
2026-02-09T21:23:25.388779,semgrep:security-audit,p/security-audit,risabhsharma71,caller.go,risabhsharma71/caller.go,0,0,3.69,NO_FINDINGS
2026-02-09T21:23:29.185088,semgrep:security-audit,p/security-audit,risabhsharma71,erc20.go,risabhsharma71/erc20.go,0,0,3.795,NO_FINDINGS
2026-02-09T21:23:32.911746,semgrep:security-audit,p/security-audit,risabhsharma71,priv.go,risabhsharma71/priv.go,0,0,3.727,NO_FINDINGS
2026-02-09T21:23:36.439096,semgrep:security-audit,p/security-audit,risabhsharma71,qry.go,risabhsharma71/qry.go,0,0,3.526,NO_FINDINGS
2026-02-09T21:23:39.968023,semgrep:security-audit,p/security-audit,risabhsharma71,token.go,risabhsharma71/token.go,0,0,3.529,NO_FINDINGS
2026-02-09T21:23:43.525003,semgrep:security-audit,p/security-audit,RohanShrothrium,hackidf.go,RohanShrothrium/hackidf.go,0,0,3.557,NO_FINDINGS
2026-02-09T21:23:47.018193,semgrep:security-audit,p/security-audit,rolivieri,removerCC.go,rolivieri/removerCC.go,0,0,3.493,NO_FINDINGS
2026-02-09T21:23:50.519975,semgrep:security-audit,p/security-audit,Running_Examples,channel/Channel.go,Running_Examples/channel/Channel.go,0,0,3.502,NO_FINDINGS
2026-02-09T21:23:54.119062,semgrep:security-audit,p/security-audit,Running_Examples,global/GlobalVariable.go,Running_Examples/global/GlobalVariable.go,0,0,3.599,NO_FINDINGS
2026-02-09T21:23:57.552144,semgrep:security-audit,p/security-audit,Running_Examples,goroutine/GoRoutines.go,Running_Examples/goroutine/GoRoutines.go,0,0,3.433,NO_FINDINGS
2026-02-09T21:24:01.081548,semgrep:security-audit,p/security-audit,Running_Examples,map-iter/MapIteration.go,Running_Examples/map-iter/MapIteration.go,0,0,3.528,NO_FINDINGS
2026-02-09T21:24:04.631480,semgrep:security-audit,p/security-audit,Running_Examples,method-function/MethodFunction.go,Running_Examples/method-function/MethodFunction.go,0,0,3.549,NO_FINDINGS
2026-02-09T21:24:08.073488,semgrep:security-audit,p/security-audit,rupeshtr78,abac.go,rupeshtr78/abac.go,0,0,3.442,NO_FINDINGS
2026-02-09T21:24:11.666233,semgrep:security-audit,p/security-audit,rupeshtr78,chaincode_example02.go,rupeshtr78/chaincode_example02.go,0,0,3.593,NO_FINDINGS
2026-02-09T21:24:15.206965,semgrep:security-audit,p/security-audit,rupeshtr78,fabcar.go,rupeshtr78/fabcar.go,0,0,3.541,NO_FINDINGS
2026-02-09T21:24:18.685914,semgrep:security-audit,p/security-audit,rupeshtr78,marbles_chaincode.go,rupeshtr78/marbles_chaincode.go,0,0,3.478,NO_FINDINGS
2026-02-09T21:24:22.557755,semgrep:security-audit,p/security-audit,rupeshtr78,marbles_chaincode_private.go,rupeshtr78/marbles_chaincode_private.go,0,0,3.872,NO_FINDINGS
2026-02-09T21:24:26.051334,semgrep:security-audit,p/security-audit,rupeshtr78,sacc.go,rupeshtr78/sacc.go,0,0,3.494,NO_FINDINGS
2026-02-09T21:24:29.489274,semgrep:security-audit,p/security-audit,ryu-sato,chaincode_sample.go,ryu-sato/chaincode_sample.go,0,0,3.437,NO_FINDINGS
2026-02-09T21:24:33.033520,semgrep:security-audit,p/security-audit,s7santosh,slachaincode.go,s7santosh/slachaincode.go,0,0,3.544,NO_FINDINGS
2026-02-09T21:24:36.574772,semgrep:security-audit,p/security-audit,s7techlab,chaincode.go,s7techlab/chaincode.go,0,0,3.541,NO_FINDINGS
2026-02-09T21:24:40.253542,semgrep:security-audit,p/security-audit,saan099,InsuranceManagement.go,saan099/InsuranceManagement.go,0,0,3.679,NO_FINDINGS
2026-02-09T21:24:43.716262,semgrep:security-audit,p/security-audit,sac1984pat,fabcar.go,sac1984pat/fabcar.go,0,0,3.463,NO_FINDINGS
2026-02-09T21:24:47.351345,semgrep:security-audit,p/security-audit,sachin-ngpws,cpu-use.go,sachin-ngpws/cpu-use.go,0,0,3.635,NO_FINDINGS
2026-02-09T21:24:50.868878,semgrep:security-audit,p/security-audit,SaifDeveloper,sacc.go,SaifDeveloper/sacc.go,0,0,3.517,NO_FINDINGS
2026-02-09T21:24:54.444537,semgrep:security-audit,p/security-audit,samdwise1367,chaincode_example02.go,samdwise1367/chaincode_example02.go,0,0,3.575,NO_FINDINGS
2026-02-09T21:24:58.002234,semgrep:security-audit,p/security-audit,samlinux,nfdt01.go,samlinux/nfdt01.go,0,0,3.558,NO_FINDINGS
2026-02-09T21:25:01.568948,semgrep:security-audit,p/security-audit,samlinux,sacc.go,samlinux/sacc.go,0,0,3.567,NO_FINDINGS
2026-02-09T21:25:05.102914,semgrep:security-audit,p/security-audit,samlinux,sacc2.go,samlinux/sacc2.go,0,0,3.534,NO_FINDINGS
2026-02-09T21:25:08.583530,semgrep:security-audit,p/security-audit,samlinux,sacc3.go,samlinux/sacc3.go,0,0,3.481,NO_FINDINGS
2026-02-09T21:25:12.031194,semgrep:security-audit,p/security-audit,samlinux,sacc4.go,samlinux/sacc4.go,0,0,3.448,NO_FINDINGS
2026-02-09T21:25:15.442153,semgrep:security-audit,p/security-audit,sapcis,perishable-net.go,sapcis/perishable-net.go,0,0,3.411,NO_FINDINGS
2026-02-09T21:25:18.832744,semgrep:security-audit,p/security-audit,Saurabh1997,argument_function.go,Saurabh1997/argument_function.go,0,0,3.391,NO_FINDINGS
2026-02-09T21:25:22.335107,semgrep:security-audit,p/security-audit,Saurabh1997,calc.go,Saurabh1997/calc.go,0,0,3.502,NO_FINDINGS
2026-02-09T21:25:25.726296,semgrep:security-audit,p/security-audit,Saurabh1997,caller_sa.go,Saurabh1997/caller_sa.go,0,0,3.391,NO_FINDINGS
2026-02-09T21:25:29.328608,semgrep:security-audit,p/security-audit,Saurabh1997,proposal_use.go,Saurabh1997/proposal_use.go,0,0,3.602,NO_FINDINGS
2026-02-09T21:25:32.818738,semgrep:security-audit,p/security-audit,Saurabh1997,token_endorse.go,Saurabh1997/token_endorse.go,0,0,3.49,NO_FINDINGS
2026-02-09T21:25:36.304749,semgrep:security-audit,p/security-audit,Saurabh1997,token_rit.go,Saurabh1997/token_rit.go,0,0,3.486,NO_FINDINGS
2026-02-09T21:25:39.781232,semgrep:security-audit,p/security-audit,schmidtp0740,main.go,schmidtp0740/main.go,0,0,3.476,NO_FINDINGS
2026-02-09T21:25:43.368596,semgrep:security-audit,p/security-audit,schmidtp0740,sacc.go,schmidtp0740/sacc.go,0,0,3.587,NO_FINDINGS
2026-02-09T21:25:46.954527,semgrep:security-audit,p/security-audit,sejongtelecomnet,chaincode.go,sejongtelecomnet/chaincode.go,0,0,3.586,NO_FINDINGS
2026-02-09T21:25:50.435276,semgrep:security-audit,p/security-audit,shahazad999,medicalrecord.go,shahazad999/medicalrecord.go,0,0,3.481,NO_FINDINGS
2026-02-09T21:25:53.945950,semgrep:security-audit,p/security-audit,shubhamj25,fabcar-chaincode.go,shubhamj25/fabcar-chaincode.go,0,0,3.511,NO_FINDINGS
2026-02-09T21:25:57.408263,semgrep:security-audit,p/security-audit,shubhamkumar0,knowledgeA.go,shubhamkumar0/knowledgeA.go,0,0,3.462,NO_FINDINGS
2026-02-09T21:26:00.977267,semgrep:security-audit,p/security-audit,Shuo93,router.go,Shuo93/router.go,0,0,3.569,NO_FINDINGS
2026-02-09T21:26:04.528135,semgrep:security-audit,p/security-audit,sighttviewliu,abac.go,sighttviewliu/abac.go,0,0,3.549,NO_FINDINGS
2026-02-09T21:26:08.010714,semgrep:security-audit,p/security-audit,sighttviewliu,chaincode_example02.go,sighttviewliu/chaincode_example02.go,0,0,3.483,NO_FINDINGS
2026-02-09T21:26:11.546018,semgrep:security-audit,p/security-audit,sighttviewliu,fabcar.go,sighttviewliu/fabcar.go,0,0,3.534,NO_FINDINGS
2026-02-09T21:26:15.086073,semgrep:security-audit,p/security-audit,sighttviewliu,hello.go,sighttviewliu/hello.go,0,0,3.54,NO_FINDINGS
2026-02-09T21:26:18.579412,semgrep:security-audit,p/security-audit,sighttviewliu,main.go,sighttviewliu/main.go,0,0,3.493,NO_FINDINGS
2026-02-09T21:26:22.064840,semgrep:security-audit,p/security-audit,sighttviewliu,marbles_chaincode.go,sighttviewliu/marbles_chaincode.go,0,0,3.485,NO_FINDINGS
2026-02-09T21:26:25.704711,semgrep:security-audit,p/security-audit,sighttviewliu,marbles_chaincode_private.go,sighttviewliu/marbles_chaincode_private.go,0,0,3.64,NO_FINDINGS
2026-02-09T21:26:29.329265,semgrep:security-audit,p/security-audit,sighttviewliu,payment.go,sighttviewliu/payment.go,0,0,3.625,NO_FINDINGS
2026-02-09T21:26:32.697353,semgrep:security-audit,p/security-audit,sighttviewliu,sacc.go,sighttviewliu/sacc.go,0,0,3.368,NO_FINDINGS
2026-02-09T21:26:36.040312,semgrep:security-audit,p/security-audit,sighttviewliu,test.go,sighttviewliu/test.go,0,0,3.343,NO_FINDINGS
2026-02-09T21:26:39.616118,semgrep:security-audit,p/security-audit,silvioqueiroz,helloworld.go,silvioqueiroz/helloworld.go,0,0,3.576,NO_FINDINGS
2026-02-09T21:26:42.992882,semgrep:security-audit,p/security-audit,SipengXie,Identity.go,SipengXie/Identity.go,0,0,3.377,NO_FINDINGS
2026-02-09T21:26:46.618400,semgrep:security-audit,p/security-audit,SipengXie,record.go,SipengXie/record.go,0,0,3.626,NO_FINDINGS
2026-02-09T21:26:50.029302,semgrep:security-audit,p/security-audit,SipengXie,traco.go,SipengXie/traco.go,0,0,3.411,NO_FINDINGS
2026-02-09T21:26:53.450381,semgrep:security-audit,p/security-audit,skazska,main.go,skazska/main.go,0,0,3.421,NO_FINDINGS
2026-02-09T21:26:56.817641,semgrep:security-audit,p/security-audit,skybat007,purchase_chaincode.go,skybat007/purchase_chaincode.go,0,0,3.367,NO_FINDINGS
2026-02-09T21:27:00.367050,semgrep:security-audit,p/security-audit,skybat007,sell_chaincode.go,skybat007/sell_chaincode.go,0,0,3.549,NO_FINDINGS
2026-02-09T21:27:04.069846,semgrep:security-audit,p/security-audit,skybat007,store_chaincode.go,skybat007/store_chaincode.go,0,0,3.703,NO_FINDINGS
2026-02-09T21:27:07.541332,semgrep:security-audit,p/security-audit,smfaizalkhan,goodsInspection.go,smfaizalkhan/goodsInspection.go,0,0,3.471,NO_FINDINGS
2026-02-09T21:27:11.117032,semgrep:security-audit,p/security-audit,SolveCare,scheduleChaincode.go,SolveCare/scheduleChaincode.go,0,0,3.576,NO_FINDINGS
2026-02-09T21:27:14.857931,semgrep:security-audit,p/security-audit,soodakshay,mycc.go,soodakshay/mycc.go,0,0,3.741,NO_FINDINGS
2026-02-09T21:27:18.311871,semgrep:security-audit,p/security-audit,souravdhar,simplechaincode.go,souravdhar/simplechaincode.go,0,0,3.454,NO_FINDINGS
2026-02-09T21:27:22.074713,semgrep:security-audit,p/security-audit,sriyanshcse,example_cc.go,sriyanshcse/example_cc.go,0,0,3.763,NO_FINDINGS
2026-02-09T21:27:25.619966,semgrep:security-audit,p/security-audit,sriyanshcse,fabcar.go,sriyanshcse/fabcar.go,0,0,3.545,NO_FINDINGS
2026-02-09T21:27:29.131816,semgrep:security-audit,p/security-audit,starJsm,account.go,starJsm/account.go,0,0,3.511,NO_FINDINGS
2026-02-09T21:27:32.766173,semgrep:security-audit,p/security-audit,suchongming,chaincode_ep.go,suchongming/chaincode_ep.go,0,0,3.634,NO_FINDINGS
2026-02-09T21:27:36.255987,semgrep:security-audit,p/security-audit,suddutt1,InvokersIdentity.go,suddutt1/InvokersIdentity.go,0,0,3.49,NO_FINDINGS
2026-02-09T21:27:39.812751,semgrep:security-audit,p/security-audit,suddutt1,main.go,suddutt1/main.go,0,0,3.557,NO_FINDINGS
2026-02-09T21:27:43.371627,semgrep:security-audit,p/security-audit,suhyeon0911,chaincode.go,suhyeon0911/chaincode.go,0,0,3.559,NO_FINDINGS
2026-02-09T21:27:47.112555,semgrep:security-audit,p/security-audit,sunny4767,abac.go,sunny4767/abac.go,0,0,3.74,NO_FINDINGS
2026-02-09T21:27:50.868010,semgrep:security-audit,p/security-audit,sunny4767,chaincode_example02.go,sunny4767/chaincode_example02.go,0,0,3.755,NO_FINDINGS
2026-02-09T21:27:54.467796,semgrep:security-audit,p/security-audit,sunny4767,fabcar.go,sunny4767/fabcar.go,0,0,3.599,NO_FINDINGS
2026-02-09T21:27:58.136625,semgrep:security-audit,p/security-audit,sunny4767,firstcc.go,sunny4767/firstcc.go,0,0,3.669,NO_FINDINGS
2026-02-09T21:28:01.797427,semgrep:security-audit,p/security-audit,sunny4767,marbles_chaincode.go,sunny4767/marbles_chaincode.go,0,0,3.661,NO_FINDINGS
2026-02-09T21:28:05.319791,semgrep:security-audit,p/security-audit,sunny4767,marbles_chaincode_private.go,sunny4767/marbles_chaincode_private.go,0,0,3.522,NO_FINDINGS
2026-02-09T21:28:08.903803,semgrep:security-audit,p/security-audit,sunny4767,mb.go,sunny4767/mb.go,0,0,3.584,NO_FINDINGS
2026-02-09T21:28:12.446947,semgrep:security-audit,p/security-audit,sunny4767,sacc.go,sunny4767/sacc.go,0,0,3.543,NO_FINDINGS
2026-02-09T21:28:15.998355,semgrep:security-audit,p/security-audit,sunny4767,team_project.go,sunny4767/team_project.go,0,0,3.549,NO_FINDINGS
2026-02-09T21:28:19.509623,semgrep:security-audit,p/security-audit,SurabhiBorgikar,chaincode_example02.go,SurabhiBorgikar/chaincode_example02.go,0,0,3.511,NO_FINDINGS
2026-02-09T21:28:23.074435,semgrep:security-audit,p/security-audit,SurabhiBorgikar,marbles_chaincode.go,SurabhiBorgikar/marbles_chaincode.go,0,0,3.565,NO_FINDINGS
2026-02-09T21:28:26.541467,semgrep:security-audit,p/security-audit,surajresearch,smartcontract.go,surajresearch/smartcontract.go,0,0,3.467,NO_FINDINGS
2026-02-09T21:28:29.988044,semgrep:security-audit,p/security-audit,swapnilshrivastava,chaincode1.go,swapnilshrivastava/chaincode1.go,0,0,3.447,NO_FINDINGS
2026-02-09T21:28:33.496351,semgrep:security-audit,p/security-audit,szhygulin,a-usd.go,szhygulin/a-usd.go,0,0,3.508,NO_FINDINGS
2026-02-09T21:28:37.021984,semgrep:security-audit,p/security-audit,tarakit,chaincode_example02.go,tarakit/chaincode_example02.go,0,0,3.526,NO_FINDINGS
2026-02-09T21:28:40.648914,semgrep:security-audit,p/security-audit,tcd93,sample_token.go,tcd93/sample_token.go,0,0,3.627,NO_FINDINGS
2026-02-09T21:28:44.132845,semgrep:security-audit,p/security-audit,Tectiform,spare.go,Tectiform/spare.go,0,0,3.482,NO_FINDINGS
2026-02-09T21:28:47.592606,semgrep:security-audit,p/security-audit,testibmbc,diamonds.go,testibmbc/diamonds.go,0,0,3.46,NO_FINDINGS
2026-02-09T21:28:51.186322,semgrep:security-audit,p/security-audit,the-hulk-id,poc-cc.go,the-hulk-id/poc-cc.go,0,0,3.594,NO_FINDINGS
2026-02-09T21:28:54.711727,semgrep:security-audit,p/security-audit,TigerWit,sealtx.go,TigerWit/sealtx.go,0,0,3.525,NO_FINDINGS
2026-02-09T21:28:58.217982,semgrep:security-audit,p/security-audit,TigerWit,sealtxnew.go,TigerWit/sealtxnew.go,0,0,3.506,NO_FINDINGS
2026-02-09T21:29:01.671047,semgrep:security-audit,p/security-audit,tinywell,databackcc.go,tinywell/databackcc.go,0,0,3.453,NO_FINDINGS
2026-02-09T21:29:05.197209,semgrep:security-audit,p/security-audit,tinywell,databackscc.go,tinywell/databackscc.go,0,0,3.526,NO_FINDINGS
2026-02-09T21:29:08.678858,semgrep:security-audit,p/security-audit,tkalai25298,cpu-use.go,tkalai25298/cpu-use.go,0,0,3.482,NO_FINDINGS
2026-02-09T21:29:12.169803,semgrep:security-audit,p/security-audit,to7485,fabcar.go,to7485/fabcar.go,0,0,3.491,NO_FINDINGS
2026-02-09T21:29:15.901013,semgrep:security-audit,p/security-audit,TongjiUniversityStudent1,chaincode_example02.go,TongjiUniversityStudent1/chaincode_example02.go,0,0,3.731,NO_FINDINGS
2026-02-09T21:29:19.503215,semgrep:security-audit,p/security-audit,TongjiUniversityStudent1,charity.go,TongjiUniversityStudent1/charity.go,0,0,3.602,NO_FINDINGS
2026-02-09T21:29:22.987485,semgrep:security-audit,p/security-audit,TongjiUniversityStudent1,example_cc.go,TongjiUniversityStudent1/example_cc.go,0,0,3.484,NO_FINDINGS
2026-02-09T21:29:26.403135,semgrep:security-audit,p/security-audit,TongjiUniversityStudent1,fabcar.go,TongjiUniversityStudent1/fabcar.go,0,0,3.416,NO_FINDINGS
2026-02-09T21:29:30.017332,semgrep:security-audit,p/security-audit,TongjiUniversityStudent1,fundRaise.go,TongjiUniversityStudent1/fundRaise.go,0,0,3.614,NO_FINDINGS
2026-02-09T21:29:33.581977,semgrep:security-audit,p/security-audit,TongjiUniversityStudent1,marbles_chaincode.go,TongjiUniversityStudent1/marbles_chaincode.go,0,0,3.565,NO_FINDINGS
2026-02-09T21:29:37.163157,semgrep:security-audit,p/security-audit,TongjiUniversityStudent1,moneyTocoin.go,TongjiUniversityStudent1/moneyTocoin.go,0,0,3.579,NO_FINDINGS
2026-02-09T21:29:40.682990,semgrep:security-audit,p/security-audit,TongjiUniversityStudent1,project.go,TongjiUniversityStudent1/project.go,0,0,3.52,NO_FINDINGS
2026-02-09T21:29:44.156683,semgrep:security-audit,p/security-audit,TongjiUniversityStudent1,projectLibrary.go,TongjiUniversityStudent1/projectLibrary.go,0,0,3.474,NO_FINDINGS
2026-02-09T21:29:47.644540,semgrep:security-audit,p/security-audit,TongjiUniversityStudent1,publicityList.go,TongjiUniversityStudent1/publicityList.go,0,0,3.488,NO_FINDINGS
2026-02-09T21:29:51.128773,semgrep:security-audit,p/security-audit,TongjiUniversityStudent1,publicityReport.go,TongjiUniversityStudent1/publicityReport.go,0,0,3.484,NO_FINDINGS
2026-02-09T21:29:54.660882,semgrep:security-audit,p/security-audit,TongjiUniversityStudent1,sacc.go,TongjiUniversityStudent1/sacc.go,0,0,3.532,NO_FINDINGS
2026-02-09T21:29:58.103181,semgrep:security-audit,p/security-audit,Trust-Contract,cargo-chaincode.go,Trust-Contract/cargo-chaincode.go,0,0,3.442,NO_FINDINGS
2026-02-09T21:30:01.700558,semgrep:security-audit,p/security-audit,TxTPing,chaincode_example02.go,TxTPing/chaincode_example02.go,0,0,3.596,NO_FINDINGS
2026-02-09T21:30:05.213576,semgrep:security-audit,p/security-audit,TxTPing,chaincode_example05.go,TxTPing/chaincode_example05.go,0,0,3.513,NO_FINDINGS
2026-02-09T21:30:08.833146,semgrep:security-audit,p/security-audit,u-wut-m8,fabric.go,u-wut-m8/fabric.go,0,0,3.62,NO_FINDINGS
2026-02-09T21:30:12.342681,semgrep:security-audit,p/security-audit,uhuchain,car-chaincode.go,uhuchain/car-chaincode.go,0,0,3.51,NO_FINDINGS
2026-02-09T21:30:15.876008,semgrep:security-audit,p/security-audit,vanchpuck,kuzmich-mcc.go,vanchpuck/kuzmich-mcc.go,0,0,3.533,NO_FINDINGS
2026-02-09T21:30:19.484430,semgrep:security-audit,p/security-audit,vanitas92,marbles02.go,vanitas92/marbles02.go,0,0,3.608,NO_FINDINGS
2026-02-09T21:30:23.069642,semgrep:security-audit,p/security-audit,varshard,simple_asset.go,varshard/simple_asset.go,0,0,3.585,NO_FINDINGS
2026-02-09T21:30:26.618629,semgrep:security-audit,p/security-audit,vasile-coste,MedChain.go,vasile-coste/MedChain.go,0,0,3.549,NO_FINDINGS
2026-02-09T21:30:30.176006,semgrep:security-audit,p/security-audit,vasile-coste,newMed.go,vasile-coste/newMed.go,0,0,3.556,NO_FINDINGS
2026-02-09T21:30:33.717115,semgrep:security-audit,p/security-audit,VegeBun-csj,chaincode_helloworld.go,VegeBun-csj/chaincode_helloworld.go,0,0,3.541,NO_FINDINGS
2026-02-09T21:30:37.267311,semgrep:security-audit,p/security-audit,VegeBun-csj,fabcar.go,VegeBun-csj/fabcar.go,0,0,3.55,NO_FINDINGS
2026-02-09T21:30:40.759281,semgrep:security-audit,p/security-audit,VegeBun-csj,keylevel_ep.go,VegeBun-csj/keylevel_ep.go,0,0,3.492,NO_FINDINGS
2026-02-09T21:30:44.279930,semgrep:security-audit,p/security-audit,VegeBun-csj,privateData.go,VegeBun-csj/privateData.go,0,0,3.521,NO_FINDINGS
2026-02-09T21:30:47.750756,semgrep:security-audit,p/security-audit,Vijaypunugubati,evmcc.go,Vijaypunugubati/evmcc.go,0,0,3.471,NO_FINDINGS
2026-02-09T21:30:51.229942,semgrep:security-audit,p/security-audit,viridian-project,chaincode.go,viridian-project/chaincode.go,0,0,3.479,NO_FINDINGS
2026-02-09T21:30:54.762878,semgrep:security-audit,p/security-audit,vishal3152,init.go,vishal3152/init.go,0,0,3.533,NO_FINDINGS
2026-02-09T21:30:58.191419,semgrep:security-audit,p/security-audit,vishal3152,invoke.go,vishal3152/invoke.go,0,0,3.429,NO_FINDINGS
2026-02-09T21:31:01.681847,semgrep:security-audit,p/security-audit,vitorduarte,basicChaincode.go,vitorduarte/basicChaincode.go,0,0,3.489,NO_FINDINGS
2026-02-09T21:31:05.187212,semgrep:security-audit,p/security-audit,vivianLL,mychaincode.go,vivianLL/mychaincode.go,0,0,3.505,NO_FINDINGS
2026-02-09T21:31:08.711540,semgrep:security-audit,p/security-audit,vmorris,procon.go,vmorris/procon.go,0,0,3.524,NO_FINDINGS
2026-02-09T21:31:12.182622,semgrep:security-audit,p/security-audit,VoneChain-CS,contract_chaincode.go,VoneChain-CS/contract_chaincode.go,0,0,3.471,NO_FINDINGS
2026-02-09T21:31:15.686121,semgrep:security-audit,p/security-audit,vtwenty3,main.go,vtwenty3/main.go,0,0,3.503,NO_FINDINGS
2026-02-09T21:31:19.153285,semgrep:security-audit,p/security-audit,vu3mmg,chaincode_example02.go,vu3mmg/chaincode_example02.go,0,0,3.466,NO_FINDINGS
2026-02-09T21:31:22.640621,semgrep:security-audit,p/security-audit,whatisoop,chaincode.go,whatisoop/chaincode.go,0,0,3.487,NO_FINDINGS
2026-02-09T21:31:26.061719,semgrep:security-audit,p/security-audit,whatisoop,chaincode_example01.go,whatisoop/chaincode_example01.go,0,0,3.421,NO_FINDINGS
2026-02-09T21:31:29.567504,semgrep:security-audit,p/security-audit,whatisoop,chaincode_example02.go,whatisoop/chaincode_example02.go,0,0,3.506,NO_FINDINGS
2026-02-09T21:31:33.027264,semgrep:security-audit,p/security-audit,whatisoop,chaincode_example03.go,whatisoop/chaincode_example03.go,0,0,3.459,NO_FINDINGS
2026-02-09T21:31:36.533194,semgrep:security-audit,p/security-audit,whatisoop,chaincode_example04.go,whatisoop/chaincode_example04.go,0,0,3.506,NO_FINDINGS
2026-02-09T21:31:40.044007,semgrep:security-audit,p/security-audit,whatisoop,chaincode_example05.go,whatisoop/chaincode_example05.go,0,0,3.511,NO_FINDINGS
2026-02-09T21:31:43.580942,semgrep:security-audit,p/security-audit,whatisoop,eventsender.go,whatisoop/eventsender.go,0,0,3.537,NO_FINDINGS
2026-02-09T21:31:47.060286,semgrep:security-audit,p/security-audit,whatisoop,invokereturnsvalue.go,whatisoop/invokereturnsvalue.go,0,0,3.479,NO_FINDINGS
2026-02-09T21:31:50.803362,semgrep:security-audit,p/security-audit,whatisoop,map.go,whatisoop/map.go,0,0,3.743,NO_FINDINGS
2026-02-09T21:31:54.336420,semgrep:security-audit,p/security-audit,whatisoop,map_experimental.go,whatisoop/map_experimental.go,0,0,3.533,NO_FINDINGS
2026-02-09T21:31:57.934367,semgrep:security-audit,p/security-audit,whatisoop,marbles_chaincode.go,whatisoop/marbles_chaincode.go,0,0,3.598,NO_FINDINGS
2026-02-09T21:32:01.424654,semgrep:security-audit,p/security-audit,whatisoop,passthru.go,whatisoop/passthru.go,0,0,3.49,NO_FINDINGS
2026-02-09T21:32:04.903922,semgrep:security-audit,p/security-audit,whatisoop,sleeper.go,whatisoop/sleeper.go,0,0,3.479,NO_FINDINGS
2026-02-09T21:32:08.334141,semgrep:security-audit,p/security-audit,WouldULike,blood-chaincode.go,WouldULike/blood-chaincode.go,0,0,3.43,NO_FINDINGS
2026-02-09T21:32:11.794409,semgrep:security-audit,p/security-audit,WuEcho,hello.go,WuEcho/hello.go,0,0,3.46,NO_FINDINGS
2026-02-09T21:32:15.154509,semgrep:security-audit,p/security-audit,WuEcho,main.go,WuEcho/main.go,0,0,3.36,NO_FINDINGS
2026-02-09T21:32:18.842572,semgrep:security-audit,p/security-audit,xiaochi0310,student.go,xiaochi0310/student.go,0,0,3.688,NO_FINDINGS
2026-02-09T21:32:22.278358,semgrep:security-audit,p/security-audit,XmissterioX,diamonds.go,XmissterioX/diamonds.go,0,0,3.436,NO_FINDINGS
2026-02-09T21:32:25.887348,semgrep:security-audit,p/security-audit,xuansonha17031991,COD_chaincode.go,xuansonha17031991/COD_chaincode.go,0,0,3.609,NO_FINDINGS
2026-02-09T21:32:29.359766,semgrep:security-audit,p/security-audit,xuansonha17031991,drug_information.go,xuansonha17031991/drug_information.go,0,0,3.472,NO_FINDINGS
2026-02-09T21:32:32.951076,semgrep:security-audit,p/security-audit,xuansonha17031991,hospital_fees.go,xuansonha17031991/hospital_fees.go,0,0,3.59,NO_FINDINGS
2026-02-09T21:32:36.601537,semgrep:security-audit,p/security-audit,xuansonha17031991,medical_record.go,xuansonha17031991/medical_record.go,0,0,3.65,NO_FINDINGS
2026-02-09T21:32:40.117145,semgrep:security-audit,p/security-audit,xuansonha17031991,patient_inormation.go,xuansonha17031991/patient_inormation.go,0,0,3.515,NO_FINDINGS
2026-02-09T21:32:43.674242,semgrep:security-audit,p/security-audit,xuchengli,test.go,xuchengli/test.go,0,0,3.556,NO_FINDINGS
2026-02-09T21:32:47.361488,semgrep:security-audit,p/security-audit,xuehuiit,example_cc.go,xuehuiit/example_cc.go,1,0,3.687,[L27] WARNING [generic] | go.lang.security.audit.crypto.math_random.math-random-used: Do not use `math/rand`. Use `crypto/rand` instead.
2026-02-09T21:32:50.832934,semgrep:security-audit,p/security-audit,xwzx100200,events_cc.go,xwzx100200/events_cc.go,0,0,3.471,NO_FINDINGS
2026-02-09T21:32:54.317367,semgrep:security-audit,p/security-audit,xwzx100200,example_cc.go,xwzx100200/example_cc.go,0,0,3.484,NO_FINDINGS
2026-02-09T21:32:57.832947,semgrep:security-audit,p/security-audit,xwzx100200,example_cc1.go,xwzx100200/example_cc1.go,0,0,3.515,NO_FINDINGS
2026-02-09T21:33:01.330156,semgrep:security-audit,p/security-audit,yangjaejae,chaincode_example02.go,yangjaejae/chaincode_example02.go,0,0,3.496,NO_FINDINGS
2026-02-09T21:33:04.832099,semgrep:security-audit,p/security-audit,yangjaejae,fabcar.go,yangjaejae/fabcar.go,0,0,3.502,NO_FINDINGS
2026-02-09T21:33:08.364553,semgrep:security-audit,p/security-audit,yangjaejae,marbles_chaincode.go,yangjaejae/marbles_chaincode.go,0,0,3.531,NO_FINDINGS
2026-02-09T21:33:11.898331,semgrep:security-audit,p/security-audit,yangjaejae,marbles_chaincode_private.go,yangjaejae/marbles_chaincode_private.go,0,0,3.534,NO_FINDINGS
2026-02-09T21:33:15.466186,semgrep:security-audit,p/security-audit,yangjaejae,rc-chaincode.go,yangjaejae/rc-chaincode.go,0,0,3.568,NO_FINDINGS
2026-02-09T21:33:18.953030,semgrep:security-audit,p/security-audit,yangjaejae,sacc.go,yangjaejae/sacc.go,0,0,3.487,NO_FINDINGS
2026-02-09T21:33:22.416091,semgrep:security-audit,p/security-audit,yangjaejae,taxrefund.go,yangjaejae/taxrefund.go,0,0,3.463,NO_FINDINGS
2026-02-09T21:33:25.997387,semgrep:security-audit,p/security-audit,YewPu,jsonObjects.go,YewPu/jsonObjects.go,0,0,3.58,NO_FINDINGS
2026-02-09T21:33:29.598292,semgrep:security-audit,p/security-audit,YewPu,rowObjects.go,YewPu/rowObjects.go,0,0,3.601,NO_FINDINGS
2026-02-09T21:33:33.084094,semgrep:security-audit,p/security-audit,yigitpolat,cc.go,yigitpolat/cc.go,0,0,3.485,NO_FINDINGS
2026-02-09T21:33:36.579576,semgrep:security-audit,p/security-audit,yigitpolat,NotaryApp.go,yigitpolat/NotaryApp.go,0,0,3.495,NO_FINDINGS
2026-02-09T21:33:40.235377,semgrep:security-audit,p/security-audit,yigitpolat,voting.go,yigitpolat/voting.go,0,0,3.654,NO_FINDINGS
2026-02-09T21:33:43.743526,semgrep:security-audit,p/security-audit,yiwenlong,abac.go,yiwenlong/abac.go,0,0,3.508,NO_FINDINGS
2026-02-09T21:33:47.247294,semgrep:security-audit,p/security-audit,yiwenlong,tps.go,yiwenlong/tps.go,0,0,3.503,NO_FINDINGS
2026-02-09T21:33:50.746226,semgrep:security-audit,p/security-audit,yokeshvs,hello_world.go,yokeshvs/hello_world.go,0,0,3.499,NO_FINDINGS
2026-02-09T21:33:54.175998,semgrep:security-audit,p/security-audit,yoonjk,account.go,yoonjk/account.go,0,0,3.43,NO_FINDINGS
2026-02-09T21:33:57.684195,semgrep:security-audit,p/security-audit,Yuchiss,events_cc.go,Yuchiss/events_cc.go,0,0,3.508,NO_FINDINGS
2026-02-09T21:34:01.264442,semgrep:security-audit,p/security-audit,Yuchiss,example_cc.go,Yuchiss/example_cc.go,0,0,3.58,NO_FINDINGS
2026-02-09T21:34:04.745921,semgrep:security-audit,p/security-audit,Yuchiss,example_cc1.go,Yuchiss/example_cc1.go,0,0,3.481,NO_FINDINGS
2026-02-09T21:34:08.143823,semgrep:security-audit,p/security-audit,Z-Voting,device.go,Z-Voting/device.go,0,0,3.398,NO_FINDINGS
2026-02-09T21:34:11.724653,semgrep:security-audit,p/security-audit,Z-Voting,rahasak.go,Z-Voting/rahasak.go,0,0,3.579,NO_FINDINGS
2026-02-09T21:34:15.204792,semgrep:security-audit,p/security-audit,zale144,musical_instruments.go,zale144/musical_instruments.go,0,0,3.48,NO_FINDINGS
2026-02-09T21:34:18.721904,semgrep:security-audit,p/security-audit,zerox12311,pigchain.go,zerox12311/pigchain.go,0,0,3.517,NO_FINDINGS
2026-02-09T21:34:22.209984,semgrep:security-audit,p/security-audit,zerox12311,smart_contract_sample.go,zerox12311/smart_contract_sample.go,0,0,3.488,NO_FINDINGS
2026-02-09T21:34:25.698103,semgrep:security-audit,p/security-audit,zhanglt,chaincode.go,zhanglt/chaincode.go,0,0,3.488,NO_FINDINGS
2026-02-09T21:34:29.225156,semgrep:security-audit,p/security-audit,zhangmin510,sacc.go,zhangmin510/sacc.go,0,0,3.527,NO_FINDINGS
2026-02-09T21:34:32.751535,semgrep:security-audit,p/security-audit,zs-papandas,pscc.go,zs-papandas/pscc.go,0,0,3.526,NO_FINDINGS
